"Category","Term","Genes","Count","List Total","Pop Hits","Pop Total","P-Value","Benjamini","Fold Enrichment","Bonferroni","FDR","Fisher Exact"
"UP_SEQ_FEATURE","REGION:Disordered","65.80%","1676","2463","13109","22253","1.11e-23","2.94e-20","1.16","5.87e-20","2.92e-20","9.43e-24"
"UP_KW_PTM","Phosphoprotein","55.83%","1422","1900","7858","13214","5.21e-52","1.51e-50","1.26","1.46e-50","1.41e-50","3.96e-52"
"GOTERM_CC_DIRECT","cytoplasm","37.30%","950","2509","6408","29722","7.92e-85","2.90e-82","1.76","8.70e-82","2.57e-82","4.20e-85"
"GOTERM_CC_DIRECT","nucleus","37.22%","948","2509","6018","29722","1.93e-100","2.12e-97","1.87","2.12e-97","1.88e-97","9.53e-101"
"UP_KW_CELLULAR_COMPONENT","Nucleus","36.95%","941","2244","5284","18649","1.52e-49","7.93e-48","1.48","7.93e-48","6.55e-48","9.62e-50"
"UP_KW_CELLULAR_COMPONENT","Cytoplasm","35.06%","893","2244","5460","18649","1.85e-30","4.81e-29","1.36","9.61e-29","3.97e-29","1.29e-30"
"UP_SEQ_FEATURE","COMPBIAS:Basic and acidic residues","34.31%","874","2463","6189","22253","3.02e-19","5.33e-16","1.28","1.60e-15","5.30e-16","2.29e-19"
"GOTERM_MF_DIRECT","protein binding","32.78%","835","2457","5596","28924","2.45e-72","5.04e-69","1.76","5.04e-69","4.70e-69","1.30e-72"
"UP_SEQ_FEATURE","COMPBIAS:Polar residues","30.90%","787","2463","5628","22253","2.53e-15","2.68e-12","1.26","1.35e-11","2.66e-12","1.91e-15"
"GOTERM_CC_DIRECT","cytosol","27.37%","697","2509","4363","29722","4.45e-71","1.22e-68","1.89","4.89e-68","1.08e-68","2.16e-71"
"GOTERM_CC_DIRECT","nucleoplasm","26.34%","671","2509","3572","29722","1.42e-99","7.79e-97","2.23","1.56e-96","6.91e-97","5.66e-100"
"UP_KW_PTM","Acetylation","25.64%","653","1900","3221","13214","1.04e-26","1.51e-25","1.41","2.91e-25","1.40e-25","6.87e-27"
"UP_KW_LIGAND","Metal-binding","23.52%","599","971","3994","6792","2.78e-2","2.27e-1","1.05","7.49e-1","2.27e-1","2.61e-2"
"UP_KW_DOMAIN","Repeat","23.32%","594","1658","4562","14896","1.02e-6","6.32e-6","1.17","3.16e-5","5.30e-6","8.15e-7"
"GOTERM_CC_DIRECT","membrane","21.08%","537","2509","5706","29722","2.26e-3","2.76e-2","1.11","9.17e-1","2.45e-2","2.03e-3"
"UP_KW_PTM","Ubl conjugation","18.53%","472","1900","2448","13214","1.00e-13","9.68e-13","1.34","2.80e-12","9.01e-13","7.13e-14"
"GOTERM_MF_DIRECT","metal ion binding","16.92%","431","2457","2748","28924","8.66e-39","8.89e-36","1.85","1.78e-35","8.30e-36","4.33e-39"
"UP_KW_BIOLOGICAL_PROCESS","Transcription","16.02%","408","1528","2166","11473","5.89e-16","9.37e-14","1.41","8.83e-14","8.55e-14","3.92e-16"
"UP_KW_LIGAND","Zinc","15.70%","400","971","2455","6792","3.03e-4","1.49e-2","1.14","1.47e-2","1.49e-2","2.53e-4"
"UP_KW_DOMAIN","Coiled coil","15.67%","399","1658","2624","14896","1.54e-12","1.59e-11","1.37","4.77e-11","1.33e-11","1.10e-12"
"UP_KW_BIOLOGICAL_PROCESS","Transcription regulation","15.47%","394","1528","2110","11473","1.09e-14","8.63e-13","1.40","1.73e-12","7.87e-13","7.07e-15"
"UP_KW_MOLECULAR_FUNCTION","Transferase","13.51%","344","1476","1985","12454","3.60e-15","3.35e-13","1.46","3.30e-13","2.52e-13","2.29e-15"
"GOTERM_CC_DIRECT","mitochondrion","13.39%","341","2509","1818","29722","4.11e-47","9.03e-45","2.22","4.52e-44","8.01e-45","1.64e-47"
"UP_KW_PTM","Isopeptide bond","12.88%","328","1900","1613","13214","2.92e-12","2.12e-11","1.41","8.17e-11","1.97e-11","1.90e-12"
"GOTERM_MF_DIRECT","identical protein binding","12.80%","326","2457","2094","28924","2.42e-28","1.24e-25","1.83","4.97e-25","1.16e-25","1.22e-28"
"UP_SEQ_FEATURE","COMPBIAS:Acidic residues","12.41%","316","2463","2121","22253","1.10e-8","8.28e-6","1.35","5.80e-5","8.24e-6","7.91e-9"
"UP_SEQ_FEATURE","COMPBIAS:Basic residues","11.97%","305","2463","2312","22253","4.97e-4","9.40e-2","1.19","9.28e-1","9.35e-2","4.29e-4"
"UP_KW_BIOLOGICAL_PROCESS","Transport","11.74%","299","1528","2048","11473","3.89e-2","2.69e-1","1.10","9.98e-1","2.46e-1","3.37e-2"
"UP_KW_LIGAND","Nucleotide-binding","11.74%","299","971","1865","6792","7.84e-3","7.68e-2","1.12","3.20e-1","7.68e-2","6.88e-3"
"UP_KW_MOLECULAR_FUNCTION","Hydrolase","11.66%","297","1476","1835","12454","1.86e-9","5.75e-8","1.37","1.73e-7","4.33e-8","1.27e-9"
"GOTERM_MF_DIRECT","zinc ion binding","11.62%","296","2457","1667","28924","1.16e-35","7.91e-33","2.09","2.37e-32","7.38e-33","4.97e-36"
"UP_KW_DOMAIN","Zinc-finger","10.88%","277","1658","1479","14896","4.67e-20","1.45e-18","1.68","1.45e-18","1.21e-18","2.54e-20"
"UP_KW_CELLULAR_COMPONENT","Mitochondrion","10.09%","257","2244","1306","18649","2.23e-16","3.86e-15","1.64","1.15e-14","3.19e-15","1.73e-16"
"GOTERM_BP_DIRECT","regulation of transcription by RNA polymerase II","9.38%","239","2485","1569","29712","2.25e-20","6.88e-17","1.82","1.38e-16","6.67e-17","1.14e-20"
"GOTERM_MF_DIRECT","ATP binding","9.34%","238","2457","1543","28924","3.60e-20","1.23e-17","1.82","7.38e-17","1.15e-17","1.83e-20"
"UP_SEQ_FEATURE","CROSSLNK:Glycyl lysine isopeptide (Lys-Gly) (interchain with G-Cter in SUMO2)","9.11%","232","2463","1049","22253","5.65e-26","2.99e-22","2.00","2.99e-22","2.98e-22","2.48e-26"
"UP_KW_MOLECULAR_FUNCTION","DNA-binding","8.87%","226","1476","1734","12454","6.35e-2","2.04e-1","1.10","9.98e-1","1.53e-1","5.55e-2"
"UP_KW_LIGAND","ATP-binding","8.87%","226","971","1428","6792","4.12e-2","2.88e-1","1.11","8.73e-1","2.88e-1","3.46e-2"
"KEGG_PATHWAY","Metabolic pathways","8.87%","226","1084","1650","9565","8.01e-4","3.11e-2","1.21","2.44e-1","2.79e-2","6.48e-4"
"GOTERM_MF_DIRECT","DNA binding","8.87%","226","2457","1593","28924","1.01e-14","2.96e-12","1.67","2.07e-11","2.76e-12","5.50e-15"
"UP_KW_CELLULAR_COMPONENT","Endoplasmic reticulum","8.64%","220","2244","1319","18649","2.34e-7","2.03e-6","1.39","1.22e-5","1.68e-6","1.55e-7"
"UP_SEQ_FEATURE","COMPBIAS:Pro residues","8.48%","216","2463","1715","22253","2.48e-2","1.00e+0","1.14","1.00e+0","9.95e-1","2.12e-2"
"GOTERM_CC_DIRECT","endoplasmic reticulum","7.93%","202","2509","1262","29722","3.00e-19","3.66e-17","1.90","3.29e-16","3.25e-17","1.45e-19"
"GOTERM_CC_DIRECT","Golgi apparatus","7.93%","202","2509","1149","29722","4.59e-24","7.19e-22","2.08","5.04e-21","6.38e-22","1.98e-24"
"GOTERM_BP_DIRECT","positive regulation of transcription by RNA polymerase II","7.89%","201","2485","1284","29712","1.59e-18","3.24e-15","1.87","9.73e-15","3.14e-15","7.82e-19"
"GOTERM_CC_DIRECT","nucleolus","7.81%","199","2509","966","29722","9.08e-33","1.66e-30","2.44","9.97e-30","1.47e-30","3.23e-33"
"UP_KW_CELLULAR_COMPONENT","Cytoskeleton","7.54%","192","2244","1376","18649","1.67e-2","7.88e-2","1.16","5.83e-1","6.52e-2","1.34e-2"
"GOTERM_CC_DIRECT","endoplasmic reticulum membrane","7.07%","180","2509","1110","29722","8.22e-18","8.21e-16","1.92","9.03e-15","7.28e-16","3.92e-18"
"UP_KW_CELLULAR_COMPONENT","Golgi apparatus","6.99%","178","2244","937","18649","3.37e-10","4.38e-9","1.58","1.75e-8","3.62e-9","1.84e-10"
"GOTERM_CC_DIRECT","intracellular membrane-bounded organelle","6.64%","169","2509","997","29722","1.21e-18","1.33e-16","2.01","1.33e-15","1.18e-16","5.48e-19"
"GOTERM_BP_DIRECT","regulation of DNA-templated transcription","6.48%","165","2485","1037","29712","9.62e-16","8.42e-13","1.90","6.12e-12","8.16e-13","4.72e-16"
"GOTERM_MF_DIRECT","RNA binding","6.20%","158","2457","816","28924","6.01e-23","2.47e-20","2.28","1.23e-19","2.30e-20","2.33e-23"
"UP_KW_MOLECULAR_FUNCTION","RNA-binding","6.12%","156","1476","716","12454","1.22e-14","5.66e-13","1.84","1.14e-12","4.26e-13","5.86e-15"
"GOTERM_BP_DIRECT","positive regulation of DNA-templated transcription","6.09%","155","2485","782","29712","3.10e-24","1.90e-20","2.37","1.90e-20","1.84e-20","1.14e-24"
"UP_KW_BIOLOGICAL_PROCESS","Ubl conjugation pathway","6.01%","153","1528","726","11473","2.72e-9","6.18e-8","1.58","4.33e-7","5.64e-8","1.56e-9"
"GOTERM_BP_DIRECT","negative regulation of transcription by RNA polymerase II","5.77%","147","2485","1005","29712","2.81e-11","1.33e-8","1.75","1.72e-7","1.28e-8","1.50e-11"
"GOTERM_CC_DIRECT","protein-containing complex","5.65%","144","2509","924","29722","8.01e-13","5.17e-11","1.85","8.80e-10","4.59e-11","3.96e-13"
"INTERPRO","P-loop_NTPase","5.58%","142","2526","930","22271","1.82e-4","1.13e-1","1.35","6.38e-1","1.13e-1","1.27e-4"
"GOTERM_MF_DIRECT","RNA polymerase II cis-regulatory region sequence-specific DNA binding","5.58%","142","2457","1043","28924","2.10e-8","2.16e-6","1.60","4.32e-5","2.02e-6","1.20e-8"
"UP_SEQ_FEATURE","ACT_SITE:Proton acceptor","5.50%","140","2463","867","22253","3.90e-6","1.38e-3","1.46","2.04e-2","1.37e-3","2.51e-6"
"UP_SEQ_FEATURE","TOPO_DOM:Lumenal","5.50%","140","2463","649","22253","8.20e-15","7.23e-12","1.95","4.35e-11","7.20e-12","3.77e-15"
"GOTERM_CC_DIRECT","perinuclear region of cytoplasm","5.34%","136","2509","854","29722","7.39e-13","5.07e-11","1.89","8.11e-10","4.50e-11","3.59e-13"
"UP_KW_DOMAIN","Transit peptide","5.18%","132","1658","557","14896","1.17e-17","1.82e-16","2.13","3.64e-16","1.53e-16","4.74e-18"
"UP_SEQ_FEATURE","TRANSIT:Mitochondrion","5.14%","131","2463","538","22253","1.72e-18","2.28e-15","2.20","9.10e-15","2.26e-15","6.67e-19"
"GOTERM_CC_DIRECT","Golgi membrane","5.10%","130","2509","613","29722","9.19e-23","1.26e-20","2.51","1.01e-19","1.12e-20","3.15e-23"
"UP_KW_BIOLOGICAL_PROCESS","Protein transport","4.95%","126","1528","618","11473","5.54e-7","1.10e-5","1.53","8.80e-5","1.00e-5","3.42e-7"
"UP_KW_MOLECULAR_FUNCTION","Activator","4.95%","126","1476","687","12454","3.88e-7","6.01e-6","1.55","3.61e-5","4.53e-6","2.28e-7"
"UP_KW_CELLULAR_COMPONENT","Endosome","4.91%","125","2244","643","18649","5.01e-8","5.22e-7","1.62","2.61e-6","4.31e-7","2.72e-8"
"GOTERM_BP_DIRECT","chromatin remodeling","4.87%","124","2485","671","29712","4.42e-17","5.41e-14","2.21","2.71e-13","5.24e-14","1.78e-17"
"GOTERM_CC_DIRECT","centrosome","4.79%","122","2509","663","29722","3.32e-16","2.61e-14","2.18","3.66e-13","2.31e-14","2.02e-16"
"UP_KW_LIGAND","Magnesium","4.75%","121","971","681","6792","6.06e-3","7.42e-2","1.24","2.57e-1","7.42e-2","4.57e-3"
"UP_KW_BIOLOGICAL_PROCESS","Cell cycle","4.75%","121","1528","657","11473","1.35e-4","1.78e-3","1.38","2.12e-2","1.63e-3","9.07e-5"
"GOTERM_MF_DIRECT","protein homodimerization activity","4.71%","120","2457","834","28924","1.38e-8","1.49e-6","1.69","2.84e-5","1.39e-6","7.33e-9"
"GOTERM_MF_DIRECT","DNA-binding transcription factor activity, RNA polymerase II-specific","4.67%","119","2457","1043","28924","8.30e-4","1.59e-2","1.34","8.18e-1","1.49e-2","5.68e-4"
"UP_KW_MOLECULAR_FUNCTION","Repressor","4.52%","115","1476","582","12454","2.37e-8","4.42e-7","1.67","2.21e-6","3.32e-7","1.29e-8"
"UP_KW_CELLULAR_COMPONENT","Cytoplasmic vesicle","4.36%","111","2244","742","18649","1.17e-2","6.79e-2","1.24","4.59e-1","5.61e-2","8.45e-3"
"INTERPRO","Znf_C2H2_type","4.32%","110","2526","757","22271","5.08e-3","1.00e+0","1.28","1.00e+0","9.99e-1","3.77e-3"
"INTERPRO","Znf_C2H2_sf","4.32%","110","2526","728","22271","1.45e-3","5.39e-1","1.33","1.00e+0","5.39e-1","1.00e-3"
"SMART","ZnF_C2H2","4.24%","108","1284","711","10943","3.38e-3","4.40e-1","1.29","8.41e-1","4.39e-1","2.46e-3"
"GOTERM_CC_DIRECT","glutamatergic synapse","4.24%","108","2509","869","29722","5.01e-5","1.06e-3","1.47","5.35e-2","9.39e-4","3.03e-5"
"GOTERM_MF_DIRECT","protein-containing complex binding","4.24%","108","2457","687","28924","6.24e-10","9.86e-8","1.85","1.28e-6","9.21e-8","2.96e-10"
"GOTERM_BP_DIRECT","negative regulation of DNA-templated transcription","4.16%","106","2485","702","29712","3.68e-9","1.07e-6","1.81","2.26e-5","1.04e-6","1.87e-9"
"GOTERM_BP_DIRECT","apoptotic process","4.16%","106","2485","583","29712","4.51e-14","3.07e-11","2.17","2.76e-10","2.97e-11","1.84e-14"
"GOTERM_BP_DIRECT","signal transduction","4.08%","104","2485","925","29712","1.70e-3","6.07e-2","1.34","1.00e+0","5.88e-2","1.22e-3"
"GOTERM_BP_DIRECT","protein transport","4.08%","104","2485","498","29712","3.46e-18","5.30e-15","2.50","2.12e-14","5.13e-15","1.20e-18"
"UP_KW_MOLECULAR_FUNCTION","Kinase","3.97%","101","1476","706","12454","3.05e-2","1.18e-1","1.21","9.44e-1","8.89e-2","2.46e-2"
"UP_KW_BIOLOGICAL_PROCESS","mRNA processing","3.97%","101","1528","377","11473","2.68e-12","1.42e-10","2.01","4.26e-10","1.29e-10","1.12e-12"
"GOTERM_MF_DIRECT","protein kinase binding","3.89%","99","2457","569","28924","1.18e-11","2.69e-9","2.05","2.42e-8","2.51e-9","5.04e-12"
"UP_KW_BIOLOGICAL_PROCESS","Apoptosis","3.81%","97","1528","515","11473","3.03e-4","3.70e-3","1.41","4.70e-2","3.38e-3","1.96e-4"
"GOTERM_CC_DIRECT","mitochondrial inner membrane","3.81%","97","2509","543","29722","2.91e-12","1.77e-10","2.12","3.19e-9","1.57e-10","1.22e-12"
"GOTERM_CC_DIRECT","nuclear speck","3.81%","97","2509","467","29722","2.39e-16","2.02e-14","2.46","2.44e-13","1.79e-14","4.53e-17"
"INTERPRO","Znf_RING/FYVE/PHD","3.69%","94","2526","463","22271","2.48e-8","1.38e-4","1.79","1.38e-4","1.38e-4","1.26e-8"
"UP_SEQ_FEATURE","DOMAIN:C2H2-type","3.65%","93","2463","641","22253","5.37e-3","6.32e-1","1.31","1.00e+0","6.29e-1","3.84e-3"
"UP_KW_BIOLOGICAL_PROCESS","DNA damage","3.61%","92","1528","420","11473","1.07e-6","1.89e-5","1.64","1.70e-4","1.73e-5","5.83e-7"
"GOTERM_BP_DIRECT","protein ubiquitination","3.53%","90","2485","443","29712","5.87e-15","4.50e-12","2.43","3.60e-11","4.35e-12","2.06e-15"
"GOTERM_CC_DIRECT","nuclear body","3.46%","88","2509","391","29722","2.32e-17","2.12e-15","2.67","2.55e-14","1.88e-15","7.39e-18"
"GOTERM_MF_DIRECT","chromatin binding","3.34%","85","2457","561","28924","2.45e-7","1.93e-5","1.78","5.03e-4","1.81e-5","1.22e-7"
"GOTERM_CC_DIRECT","chromatin","3.34%","85","2509","523","29722","7.81e-9","3.58e-7","1.93","8.58e-6","3.17e-7","3.66e-9"
"GOTERM_BP_DIRECT","innate immune response","3.34%","85","2485","509","29712","1.37e-9","4.65e-7","2.00","8.36e-6","4.50e-7","6.18e-10"
"GOTERM_CC_DIRECT","cell surface","3.26%","83","2509","833","29722","8.08e-2","3.79e-1","1.18","1.00e+0","3.36e-1","6.38e-2"
"GOTERM_CC_DIRECT","neuronal cell body","3.26%","83","2509","668","29722","3.94e-4","6.55e-3","1.47","3.51e-1","5.81e-3","2.48e-4"
"UP_KW_BIOLOGICAL_PROCESS","mRNA splicing","3.18%","81","1528","299","11473","2.77e-10","1.10e-8","2.03","4.41e-8","1.01e-8","1.14e-10"
"UP_SEQ_FEATURE","MOTIF:Nuclear localization signal","3.14%","80","2463","407","22253","4.34e-7","2.09e-4","1.78","2.30e-3","2.08e-4","2.17e-7"
"GOTERM_MF_DIRECT","DNA-binding transcription factor activity","3.06%","78","2457","585","28924","8.22e-5","2.37e-3","1.57","1.55e-1","2.21e-3","4.74e-5"
"GOTERM_BP_DIRECT","cell differentiation","3.02%","77","2485","665","29712","3.39e-3","9.66e-2","1.38","1.00e+0","9.36e-2","2.29e-3"
"UP_KW_BIOLOGICAL_PROCESS","DNA repair","3.02%","77","1528","346","11473","4.86e-6","7.72e-5","1.67","7.72e-4","7.04e-5","2.57e-6"
"UP_KW_CELLULAR_COMPONENT","Lysosome","2.98%","76","2244","415","18649","1.94e-4","1.26e-3","1.52","1.00e-2","1.04e-3","1.14e-4"
"GOTERM_MF_DIRECT","ATP hydrolysis activity","2.98%","76","2457","423","28924","7.99e-10","1.17e-7","2.12","1.64e-6","1.09e-7","3.28e-10"
"INTERPRO","Kinase-like_dom_sf","2.94%","75","2526","560","22271","9.08e-2","1.00e+0","1.18","1.00e+0","9.99e-1","7.16e-2"
"GOTERM_CC_DIRECT","synapse","2.94%","75","2509","724","29722","4.99e-2","2.77e-1","1.23","1.00e+0","2.45e-1","3.80e-2"
"GOTERM_BP_DIRECT","negative regulation of apoptotic process","2.94%","75","2485","666","29712","7.40e-3","1.61e-1","1.35","1.00e+0","1.56e-1","5.20e-3"
"GOTERM_BP_DIRECT","positive regulation of gene expression","2.91%","74","2485","586","29712","4.04e-4","2.28e-2","1.51","9.16e-1","2.21e-2","2.48e-4"
"UP_KW_MOLECULAR_FUNCTION","Chromatin regulator","2.91%","74","1476","308","12454","3.06e-9","7.11e-8","2.03","2.84e-7","5.35e-8","1.29e-9"
"GOTERM_MF_DIRECT","ubiquitin protein ligase activity","2.79%","71","2457","345","28924","5.83e-12","1.50e-9","2.42","1.20e-8","1.40e-9","2.04e-12"
"UP_SEQ_FEATURE","DOMAIN:Protein kinase","2.75%","70","2463","522","22253","6.73e-2","1.00e+0","1.21","1.00e+0","9.95e-1","5.17e-2"
"UP_KW_BIOLOGICAL_PROCESS","Innate immunity","2.75%","70","1528","393","11473","9.00e-3","7.95e-2","1.34","7.63e-1","7.25e-2","6.22e-3"
"INTERPRO","PH-like_dom_sf","2.75%","70","2526","424","22271","1.29e-3","5.13e-1","1.46","9.99e-1","5.13e-1","8.21e-4"
"GOTERM_MF_DIRECT","DNA-binding transcription activator activity, RNA polymerase II-specific","2.75%","70","2457","521","28924","1.55e-4","3.50e-3","1.58","2.73e-1","3.27e-3","8.79e-5"
"UP_SEQ_FEATURE","ACT_SITE:Nucleophile","2.75%","70","2463","349","22253","1.15e-6","5.05e-4","1.81","6.05e-3","5.03e-4","5.62e-7"
"GOTERM_BP_DIRECT","proteolysis","2.67%","68","2485","605","29712","1.10e-2","1.99e-1","1.34","1.00e+0","1.93e-1","7.82e-3"
"GOTERM_MF_DIRECT","sequence-specific DNA binding","2.67%","68","2457","486","28924","5.76e-5","1.91e-3","1.65","1.12e-1","1.78e-3","3.16e-5"
"GOTERM_BP_DIRECT","DNA damage response","2.67%","68","2485","338","29712","2.47e-11","1.26e-8","2.41","1.51e-7","1.22e-8","8.72e-12"
"INTERPRO","ARM-type_fold","2.63%","67","2526","358","22271","4.58e-5","4.26e-2","1.65","2.25e-1","4.25e-2","2.50e-5"
"UP_KW_BIOLOGICAL_PROCESS","Cell division","2.59%","66","1528","395","11473","3.85e-2","2.69e-1","1.25","9.98e-1","2.46e-1","2.93e-2"
"GOTERM_CC_DIRECT","endomembrane system","2.59%","66","2509","329","29722","8.34e-11","4.82e-9","2.38","9.15e-8","4.27e-9","3.03e-11"
"GOTERM_BP_DIRECT","mRNA processing","2.59%","66","2485","257","29712","3.42e-16","3.49e-13","3.07","2.04e-12","3.38e-13","6.13e-17"
"GOTERM_CC_DIRECT","dendrite","2.55%","65","2509","642","29722","9.17e-2","4.03e-1","1.20","1.00e+0","3.57e-1","7.17e-2"
"GOTERM_CC_DIRECT","axon","2.55%","65","2509","516","29722","1.22e-3","1.70e-2","1.49","7.39e-1","1.51e-2","7.72e-4"
"INTERPRO","WD40/YVTN_repeat-like_dom_sf","2.55%","65","2526","354","22271","1.07e-4","7.44e-2","1.62","4.48e-1","7.43e-2","5.98e-5"
"GOTERM_MF_DIRECT","GTP binding","2.55%","65","2457","390","28924","2.60e-7","1.98e-5","1.96","5.34e-4","1.85e-5","1.17e-7"
"UP_KW_MOLECULAR_FUNCTION","Serine/threonine-protein kinase","2.51%","64","1476","405","12454","1.38e-2","6.15e-2","1.33","7.24e-1","4.63e-2","9.63e-3"
"GOTERM_MF_DIRECT","protein serine/threonine kinase activity","2.51%","64","2457","393","28924","7.43e-7","4.77e-5","1.92","1.52e-3","4.45e-5","3.41e-7"
"GOTERM_BP_DIRECT","positive regulation of apoptotic process","2.51%","64","2485","399","29712","7.32e-7","1.40e-4","1.92","4.47e-3","1.36e-4","3.47e-7"
"GOTERM_BP_DIRECT","cell division","2.51%","64","2485","377","29712","9.41e-8","2.31e-5","2.03","5.77e-4","2.23e-5","4.17e-8"
"GOTERM_BP_DIRECT","DNA repair","2.51%","64","2485","291","29712","1.82e-12","1.01e-9","2.63","1.11e-8","9.81e-10","5.86e-13"
"GOTERM_CC_DIRECT","mitochondrial matrix","2.51%","64","2509","280","29722","4.47e-13","3.27e-11","2.71","4.90e-10","2.90e-11","1.38e-13"
"GOTERM_CC_DIRECT","cytoskeleton","2.47%","63","2509","552","29722","1.31e-2","1.04e-1","1.35","1.00e+0","9.22e-2","8.77e-3"
"GOTERM_BP_DIRECT","intracellular signal transduction","2.47%","63","2485","432","29712","2.04e-5","2.31e-3","1.74","1.17e-1","2.24e-3","1.07e-5"
"INTERPRO","WD40_repeat_dom_sf","2.43%","62","2526","309","22271","1.06e-5","1.97e-2","1.77","5.73e-2","1.97e-2","5.32e-6"
"GOTERM_CC_DIRECT","lysosomal membrane","2.43%","62","2509","310","29722","3.72e-10","2.04e-8","2.37","4.09e-7","1.81e-8","1.37e-10"
"GOTERM_MF_DIRECT","ubiquitin protein ligase binding","2.39%","61","2457","329","28924","1.33e-8","1.49e-6","2.18","2.73e-5","1.39e-6","5.20e-9"
"GOTERM_MF_DIRECT","enzyme binding","2.36%","60","2457","464","28924","1.22e-3","2.06e-2","1.52","9.19e-1","1.92e-2","7.23e-4"
"GOTERM_BP_DIRECT","inflammatory response","2.36%","60","2485","409","29712","2.74e-5","2.75e-3","1.75","1.54e-1","2.66e-3","1.43e-5"
"GOTERM_CC_DIRECT","endosome","2.36%","60","2509","337","29722","6.28e-8","2.24e-6","2.11","6.89e-5","1.98e-6","2.62e-8"
"GOTERM_MF_DIRECT","transcription coactivator activity","2.36%","60","2457","277","28924","3.41e-11","7.00e-9","2.55","7.00e-8","6.53e-9","1.14e-11"
"GOTERM_MF_DIRECT","sequence-specific double-stranded DNA binding","2.32%","59","2457","551","28924","5.34e-2","4.05e-1","1.26","1.00e+0","3.78e-1","3.78e-2"
"GOTERM_CC_DIRECT","postsynapse","2.32%","59","2509","406","29722","5.44e-5","1.13e-3","1.72","5.80e-2","1.00e-3","2.89e-5"
"GOTERM_MF_DIRECT","protein serine kinase activity","2.32%","59","2457","366","28924","2.87e-6","1.73e-4","1.90","5.88e-3","1.62e-4","1.33e-6"
"SMART","WD40","2.32%","59","1284","267","10943","1.90e-6","1.03e-3","1.88","1.03e-3","1.03e-3","8.78e-7"
"GOTERM_CC_DIRECT","cytoplasmic vesicle","2.32%","59","2509","361","29722","1.53e-6","4.30e-5","1.94","1.67e-3","3.81e-5","7.07e-7"
"INTERPRO","WD40_rpt","2.32%","59","2526","268","22271","8.66e-7","2.42e-3","1.94","4.82e-3","2.41e-3","3.88e-7"
"GOTERM_CC_DIRECT","early endosome","2.32%","59","2509","344","29722","3.03e-7","9.77e-6","2.03","3.32e-4","8.67e-6","1.33e-7"
"GOTERM_CC_DIRECT","lysosome","2.32%","59","2509","329","29722","6.31e-8","2.24e-6","2.12","6.93e-5","1.98e-6","2.63e-8"
"KEGG_PATHWAY","Amyotrophic lateral sclerosis","2.28%","58","1084","375","9565","1.19e-2","1.02e-1","1.36","9.85e-1","9.14e-2","8.06e-3"
"GOTERM_BP_DIRECT","negative regulation of cell population proliferation","2.28%","58","2485","397","29712","4.27e-5","3.96e-3","1.75","2.30e-1","3.84e-3","2.23e-5"
"GOTERM_BP_DIRECT","in utero embryonic development","2.28%","58","2485","361","29712","2.43e-6","3.82e-4","1.92","1.48e-2","3.70e-4","1.14e-6"
"UP_KW_DOMAIN","WD repeat","2.28%","58","1658","268","14896","9.62e-7","6.32e-6","1.94","2.98e-5","5.30e-6","4.31e-7"
"UP_SEQ_FEATURE","REPEAT:WD 2","2.28%","58","2463","257","22253","2.06e-7","1.09e-4","2.04","1.09e-3","1.08e-4","8.70e-8"
"UP_SEQ_FEATURE","REPEAT:WD 1","2.28%","58","2463","257","22253","2.06e-7","1.09e-4","2.04","1.09e-3","1.08e-4","8.70e-8"
"UP_SEQ_FEATURE","REPEAT:WD 3","2.28%","58","2463","253","22253","1.18e-7","7.77e-5","2.07","6.22e-4","7.74e-5","4.87e-8"
"GOTERM_MF_DIRECT","nucleic acid binding","2.28%","58","2457","292","28924","2.35e-9","3.02e-7","2.34","4.83e-6","2.82e-7","8.75e-10"
"UP_SEQ_FEATURE","CROSSLNK:Glycyl lysine isopeptide (Lys-Gly) (interchain with G-Cter in SUMO2); alternate","2.24%","57","2463","322","22253","4.11e-4","8.05e-2","1.60","8.86e-1","8.01e-2","2.33e-4"
"GOTERM_MF_DIRECT","RNA polymerase II transcription regulatory region sequence-specific DNA binding","2.24%","57","2457","399","28924","1.41e-4","3.22e-3","1.68","2.52e-1","3.01e-3","7.44e-5"
"GOTERM_MF_DIRECT","GTPase activity","2.24%","57","2457","314","28924","8.75e-8","8.16e-6","2.14","1.80e-4","7.62e-6","3.54e-8"
"INTERPRO","Protein_kinase_ATP_BS","2.20%","56","2526","394","22271","6.07e-2","1.00e+0","1.25","1.00e+0","9.99e-1","4.51e-2"
"SMART","S_TKc","2.20%","56","1284","382","10943","5.99e-2","1.00e+0","1.25","1.00e+0","1.00e+0","4.61e-2"
"INTERPRO","Znf_RING","2.20%","56","2526","289","22271","7.96e-5","6.34e-2","1.71","3.59e-1","6.34e-2","4.16e-5"
"GOTERM_CC_DIRECT","apical plasma membrane","2.16%","55","2509","486","29722","2.32e-2","1.64e-1","1.34","1.00e+0","1.46e-1","1.60e-2"
"UP_KW_MOLECULAR_FUNCTION","Ribonucleoprotein","2.16%","55","1476","320","12454","4.41e-3","2.56e-2","1.45","3.37e-1","1.93e-2","2.78e-3"
"GOTERM_BP_DIRECT","proteasome-mediated ubiquitin-dependent protein catabolic process","2.16%","55","2485","337","29712","2.83e-6","4.12e-4","1.95","1.72e-2","3.99e-4","1.31e-6"
"GOTERM_BP_DIRECT","intracellular protein transport","2.16%","55","2485","257","29712","2.21e-10","9.58e-8","2.56","1.36e-6","9.28e-8","7.38e-11"
"GOTERM_CC_DIRECT","ciliary basal body","2.12%","54","2509","302","29722","2.67e-7","8.89e-6","2.12","2.93e-4","7.88e-6","1.11e-7"
"UP_KW_CELLULAR_COMPONENT","Mitochondrion inner membrane","2.08%","53","2244","342","18649","4.52e-2","1.95e-1","1.29","9.10e-1","1.61e-1","3.18e-2"
"GOTERM_BP_DIRECT","gene expression","2.08%","53","2485","417","29712","2.45e-3","7.90e-2","1.52","1.00e+0","7.66e-2","1.51e-3"
"UP_SEQ_FEATURE","REPEAT:WD 4","2.08%","53","2463","241","22253","1.66e-6","6.28e-4","1.99","8.76e-3","6.26e-4","7.25e-7"
"GOTERM_MF_DIRECT","hydrolase activity","2.08%","53","2457","306","28924","1.15e-6","7.16e-5","2.04","2.36e-3","6.69e-5","4.91e-7"
"GOTERM_MF_DIRECT","small GTPase binding","2.08%","53","2457","301","28924","6.88e-7","4.67e-5","2.07","1.41e-3","4.36e-5","2.88e-7"
"GOTERM_BP_DIRECT","regulation of cell cycle","2.08%","53","2485","247","29712","4.41e-10","1.59e-7","2.57","2.70e-6","1.54e-7","1.46e-10"
"UP_SEQ_FEATURE","ZN_FING:C2H2-type 2","2.04%","52","2463","305","22253","1.76e-3","2.82e-1","1.54","1.00e+0","2.81e-1","1.04e-3"
"GOTERM_MF_DIRECT","ubiquitin-protein transferase activity","2.04%","52","2457","241","28924","9.07e-10","1.24e-7","2.54","1.86e-6","1.16e-7","3.04e-10"
"GOTERM_BP_DIRECT","protein phosphorylation","2.00%","51","2485","342","29712","7.67e-5","6.35e-3","1.78","3.75e-1","6.15e-3","3.97e-5"
"GOTERM_MF_DIRECT","protein domain specific binding","2.00%","51","2457","334","28924","6.26e-5","2.04e-3","1.80","1.21e-1","1.91e-3","3.08e-5"
"GOTERM_CC_DIRECT","transcription regulator complex","2.00%","51","2509","298","29722","2.22e-6","5.95e-5","2.03","2.43e-3","5.27e-5","9.74e-7"
"UP_SEQ_FEATURE","REPEAT:WD 5","2.00%","51","2463","227","22253","1.39e-6","5.65e-4","2.03","7.32e-3","5.63e-4","5.90e-7"
"GOTERM_MF_DIRECT","transcription cis-regulatory region binding","2.00%","51","2457","275","28924","2.26e-7","1.93e-5","2.18","4.64e-4","1.81e-5","9.12e-8"
"UP_SEQ_FEATURE","CROSSLNK:Glycyl lysine isopeptide (Lys-Gly) (interchain with G-Cter in ubiquitin)","1.96%","50","2463","305","22253","4.81e-3","5.97e-1","1.48","1.00e+0","5.94e-1","2.96e-3"
"GOTERM_BP_DIRECT","negative regulation of gene expression","1.92%","49","2485","398","29712","6.62e-3","1.53e-1","1.47","1.00e+0","1.48e-1","4.17e-3"
"INTERPRO","Nucleotide-bd_a/b_plait_sf","1.92%","49","2526","275","22271","1.57e-3","5.49e-1","1.57","1.00e+0","5.49e-1","9.06e-4"
"GOTERM_MF_DIRECT","magnesium ion binding","1.92%","49","2457","243","28924","2.84e-8","2.78e-6","2.37","5.83e-5","2.59e-6","1.04e-8"
"GOTERM_CC_DIRECT","nuclear envelope","1.92%","49","2509","228","29722","2.75e-9","1.44e-7","2.55","3.02e-6","1.27e-7","9.19e-10"
"INTERPRO","Ser/Thr_kinase_AS","1.88%","48","2526","333","22271","6.71e-2","1.00e+0","1.27","1.00e+0","9.99e-1","4.87e-2"
"UP_SEQ_FEATURE","ZN_FING:C2H2-type 3","1.88%","48","2463","298","22253","7.97e-3","7.80e-1","1.46","1.00e+0","7.77e-1","5.00e-3"
"UP_KW_LIGAND","Manganese","1.88%","48","971","230","6792","5.98e-3","7.42e-2","1.46","2.55e-1","7.42e-2","3.67e-3"
"GOTERM_MF_DIRECT","DNA-binding transcription repressor activity, RNA polymerase II-specific","1.88%","48","2457","313","28924","9.56e-5","2.37e-3","1.81","1.78e-1","2.21e-3","4.65e-5"
"GOTERM_MF_DIRECT","protein heterodimerization activity","1.85%","47","2457","384","28924","1.15e-2","1.27e-1","1.44","1.00e+0","1.18e-1","7.16e-3"
"UP_SEQ_FEATURE","ZN_FING:C2H2-type 1","1.85%","47","2463","293","22253","9.31e-3","8.08e-1","1.45","1.00e+0","8.04e-1","5.87e-3"
"INTERPRO","RBD_domain_sf","1.85%","47","2526","268","22271","2.73e-3","8.09e-1","1.55","1.00e+0","8.08e-1","1.60e-3"
"GOTERM_CC_DIRECT","ribonucleoprotein complex","1.85%","47","2509","323","29722","3.29e-4","5.74e-3","1.72","3.03e-1","5.09e-3","1.74e-4"
"SMART","RING","1.85%","47","1284","235","10943","2.97e-4","5.37e-2","1.70","1.49e-1","5.36e-2","1.55e-4"
"GOTERM_MF_DIRECT","GTPase activator activity","1.85%","47","2457","244","28924","2.30e-7","1.93e-5","2.27","4.73e-4","1.81e-5","8.87e-8"
"GOTERM_BP_DIRECT","transcription by RNA polymerase II","1.85%","47","2485","241","29712","1.01e-7","2.38e-5","2.33","6.19e-4","2.31e-5","3.77e-8"
"GOTERM_BP_DIRECT","RNA splicing","1.85%","47","2485","201","29712","2.49e-10","9.58e-8","2.80","1.53e-6","9.28e-8","7.43e-11"
"GOTERM_BP_DIRECT","regulation of gene expression","1.81%","46","2485","430","29712","6.96e-2","6.28e-1","1.28","1.00e+0","6.08e-1","5.07e-2"
"GOTERM_CC_DIRECT","cilium","1.81%","46","2509","319","29722","4.70e-4","7.59e-3","1.71","4.03e-1","6.73e-3","2.49e-4"
"GOTERM_MF_DIRECT","mRNA binding","1.81%","46","2457","280","28924","2.48e-5","1.08e-3","1.93","4.97e-2","1.01e-3","1.15e-5"
"GOTERM_CC_DIRECT","nuclear membrane","1.81%","46","2509","275","29722","1.34e-5","3.07e-4","1.98","1.46e-2","2.73e-4","6.07e-6"
"KEGG_PATHWAY","Endocytosis","1.77%","45","1084","270","9565","7.91e-3","9.26e-2","1.47","9.38e-1","8.31e-2","4.89e-3"
"UP_KW_MOLECULAR_FUNCTION","Chaperone","1.77%","45","1476","220","12454","3.10e-4","3.61e-3","1.73","2.84e-2","2.71e-3","1.59e-4"
"GOTERM_BP_DIRECT","chromatin organization","1.77%","45","2485","275","29712","2.34e-5","2.50e-3","1.96","1.34e-1","2.42e-3","1.08e-5"
"GOTERM_BP_DIRECT","ubiquitin-dependent protein catabolic process","1.77%","45","2485","236","29712","3.77e-7","7.96e-5","2.28","2.31e-3","7.71e-5","1.44e-7"
"GOTERM_CC_DIRECT","microtubule","1.73%","44","2509","343","29722","5.94e-3","5.72e-2","1.52","9.99e-1","5.08e-2","3.56e-3"
"KEGG_PATHWAY","Human cytomegalovirus infection","1.73%","44","1084","254","9565","4.33e-3","6.74e-2","1.53","7.81e-1","6.05e-2","2.57e-3"
"GOTERM_BP_DIRECT","heart development","1.73%","44","2485","321","29712","1.45e-3","5.40e-2","1.64","1.00e+0","5.23e-2","8.14e-4"
"KEGG_PATHWAY","Epstein-Barr virus infection","1.73%","44","1084","228","9565","4.88e-4","2.62e-2","1.70","1.57e-1","2.35e-2","2.55e-4"
"GOTERM_MF_DIRECT","protein kinase activity","1.73%","44","2457","279","28924","1.00e-4","2.39e-3","1.86","1.86e-1","2.23e-3","4.87e-5"
"GOTERM_CC_DIRECT","trans-Golgi network","1.73%","44","2509","220","29722","1.68e-7","5.78e-6","2.37","1.85e-4","5.13e-6","6.15e-8"
"GOTERM_MF_DIRECT","RNA polymerase II-specific DNA-binding transcription factor binding","1.73%","44","2457","201","28924","1.31e-8","1.49e-6","2.58","2.68e-5","1.39e-6","4.30e-9"
"UP_SEQ_FEATURE","DOMAIN:PH","1.69%","43","2463","266","22253","1.14e-2","8.74e-1","1.46","1.00e+0","8.70e-1","7.11e-3"
"GOTERM_CC_DIRECT","presynapse","1.69%","43","2509","343","29722","9.62e-3","8.38e-2","1.49","1.00e+0","7.43e-2","5.90e-3"
"GOTERM_CC_DIRECT","postsynaptic density","1.69%","43","2509","337","29722","7.15e-3","6.65e-2","1.51","1.00e+0","5.90e-2","4.30e-3"
"KEGG_PATHWAY","Human T-cell leukemia virus 1 infection","1.69%","43","1084","247","9565","4.41e-3","6.74e-2","1.54","7.87e-1","6.05e-2","2.59e-3"
"GOTERM_BP_DIRECT","response to xenobiotic stimulus","1.69%","43","2485","324","29712","3.03e-3","8.79e-2","1.59","1.00e+0","8.51e-2","1.76e-3"
"UP_SEQ_FEATURE","ACT_SITE:Proton donor","1.69%","43","2463","244","22253","2.47e-3","3.73e-1","1.59","1.00e+0","3.71e-1","1.40e-3"
"UP_KW_MOLECULAR_FUNCTION","Glycosyltransferase","1.69%","43","1476","221","12454","1.23e-3","1.04e-2","1.64","1.08e-1","7.84e-3","6.69e-4"
"UP_SEQ_FEATURE","DOMAIN:RING-type","1.69%","43","2463","211","22253","1.14e-4","3.01e-2","1.84","4.52e-1","2.99e-2","5.43e-5"
"GOTERM_BP_DIRECT","defense response to virus","1.69%","43","2485","252","29712","1.31e-5","1.60e-3","2.04","7.70e-2","1.55e-3","5.72e-6"
"UP_SEQ_FEATURE","REPEAT:WD 6","1.69%","43","2463","188","22253","6.46e-6","2.13e-3","2.07","3.36e-2","2.12e-3","2.68e-6"
"GOTERM_BP_DIRECT","vesicle-mediated transport","1.69%","43","2485","245","29712","6.42e-6","8.36e-4","2.10","3.85e-2","8.10e-4","2.71e-6"
"GOTERM_BP_DIRECT","regulation of apoptotic process","1.69%","43","2485","221","29712","4.02e-7","8.22e-5","2.33","2.46e-3","7.96e-5","1.50e-7"
"GOTERM_MF_DIRECT","actin binding","1.65%","42","2457","364","28924","3.92e-2","3.18e-1","1.36","1.00e+0","2.97e-1","2.55e-2"
"INTERPRO","PH_domain","1.65%","42","2526","263","22271","2.17e-2","1.00e+0","1.41","1.00e+0","9.99e-1","1.41e-2"
"GOTERM_MF_DIRECT","AMP-activated protein kinase activity","1.65%","42","2457","258","28924","7.20e-5","2.31e-3","1.92","1.37e-1","2.16e-3","3.38e-5"
"UP_KW_MOLECULAR_FUNCTION","Methyltransferase","1.65%","42","1476","186","12454","5.38e-5","7.14e-4","1.91","4.99e-3","5.38e-4","2.44e-5"
"UP_KW_CELLULAR_COMPONENT","Spliceosome","1.65%","42","2244","152","18649","3.90e-7","2.90e-6","2.30","2.03e-5","2.39e-6","1.39e-7"
"SMART","PH","1.61%","41","1284","255","10943","3.30e-2","1.00e+0","1.37","1.00e+0","1.00e+0","2.19e-2"
"INTERPRO","ARM-like","1.61%","41","2526","238","22271","7.09e-3","1.00e+0","1.52","1.00e+0","9.99e-1","4.22e-3"
"UP_KW_DOMAIN","ANK repeat","1.61%","41","1658","234","14896","3.74e-3","1.93e-2","1.57","1.10e-1","1.62e-2","2.14e-3"
"GOTERM_BP_DIRECT","cellular response to lipopolysaccharide","1.61%","41","2485","307","29712","3.42e-3","9.70e-2","1.60","1.00e+0","9.40e-2","1.97e-3"
"GOTERM_CC_DIRECT","chromosome","1.61%","41","2509","278","29722","6.31e-4","9.76e-3","1.75","5.00e-1","8.66e-3","3.29e-4"
"GOTERM_MF_DIRECT","histone H3T11 kinase activity","1.61%","41","2457","255","28924","1.17e-4","2.69e-3","1.89","2.13e-1","2.52e-3","5.55e-5"
"GOTERM_MF_DIRECT","histone H3T6 kinase activity","1.61%","41","2457","255","28924","1.17e-4","2.69e-3","1.89","2.13e-1","2.52e-3","5.55e-5"
"GOTERM_MF_DIRECT","histone H3T45 kinase activity","1.61%","41","2457","254","28924","1.07e-4","2.53e-3","1.90","1.97e-1","2.36e-3","5.07e-5"
"GOTERM_MF_DIRECT","3-phosphoinositide-dependent protein kinase activity","1.61%","41","2457","253","28924","9.82e-5","2.37e-3","1.91","1.83e-1","2.21e-3","4.63e-5"
"GOTERM_MF_DIRECT","histone H4S1 kinase activity","1.61%","41","2457","253","28924","9.82e-5","2.37e-3","1.91","1.83e-1","2.21e-3","4.63e-5"
"GOTERM_MF_DIRECT","eukaryotic translation initiation factor 2alpha kinase activity","1.61%","41","2457","253","28924","9.82e-5","2.37e-3","1.91","1.83e-1","2.21e-3","4.63e-5"
"GOTERM_MF_DIRECT","histone H2BS14 kinase activity","1.61%","41","2457","253","28924","9.82e-5","2.37e-3","1.91","1.83e-1","2.21e-3","4.63e-5"
"GOTERM_MF_DIRECT","histone H3S28 kinase activity","1.61%","41","2457","253","28924","9.82e-5","2.37e-3","1.91","1.83e-1","2.21e-3","4.63e-5"
"GOTERM_MF_DIRECT","ribosomal protein S6 kinase activity","1.61%","41","2457","253","28924","9.82e-5","2.37e-3","1.91","1.83e-1","2.21e-3","4.63e-5"
"GOTERM_MF_DIRECT","histone H3S10 kinase activity","1.61%","41","2457","253","28924","9.82e-5","2.37e-3","1.91","1.83e-1","2.21e-3","4.63e-5"
"GOTERM_MF_DIRECT","histone H3S57 kinase activity","1.61%","41","2457","253","28924","9.82e-5","2.37e-3","1.91","1.83e-1","2.21e-3","4.63e-5"
"GOTERM_MF_DIRECT","histone H2AXS139 kinase activity","1.61%","41","2457","253","28924","9.82e-5","2.37e-3","1.91","1.83e-1","2.21e-3","4.63e-5"
"GOTERM_MF_DIRECT","Rho-dependent protein serine/threonine kinase activity","1.61%","41","2457","253","28924","9.82e-5","2.37e-3","1.91","1.83e-1","2.21e-3","4.63e-5"
"GOTERM_MF_DIRECT","histone H2AT120 kinase activity","1.61%","41","2457","253","28924","9.82e-5","2.37e-3","1.91","1.83e-1","2.21e-3","4.63e-5"
"GOTERM_MF_DIRECT","histone H2AS1 kinase activity","1.61%","41","2457","253","28924","9.82e-5","2.37e-3","1.91","1.83e-1","2.21e-3","4.63e-5"
"GOTERM_MF_DIRECT","DNA-dependent protein kinase activity","1.61%","41","2457","253","28924","9.82e-5","2.37e-3","1.91","1.83e-1","2.21e-3","4.63e-5"
"GOTERM_MF_DIRECT","histone H3T3 kinase activity","1.61%","41","2457","253","28924","9.82e-5","2.37e-3","1.91","1.83e-1","2.21e-3","4.63e-5"
"GOTERM_MF_DIRECT","histone H2AS121 kinase activity","1.61%","41","2457","253","28924","9.82e-5","2.37e-3","1.91","1.83e-1","2.21e-3","4.63e-5"
"GOTERM_MF_DIRECT","histone H2BS36 kinase activity","1.61%","41","2457","253","28924","9.82e-5","2.37e-3","1.91","1.83e-1","2.21e-3","4.63e-5"
"GOTERM_MF_DIRECT","guanyl-nucleotide exchange factor activity","1.61%","41","2457","228","28924","8.57e-6","4.51e-4","2.12","1.74e-2","4.21e-4","3.58e-6"
"GOTERM_MF_DIRECT","protein-macromolecule adaptor activity","1.61%","41","2457","203","28924","4.19e-7","3.08e-5","2.38","8.61e-4","2.87e-5","1.52e-7"
"GOTERM_MF_DIRECT","DNA-binding transcription factor binding","1.61%","41","2457","199","28924","2.43e-7","1.93e-5","2.43","4.98e-4","1.81e-5","8.60e-8"
"INTERPRO","Ankyrin_rpt-contain_sf","1.57%","40","2526","241","22271","1.42e-2","1.00e+0","1.46","1.00e+0","9.99e-1","8.79e-3"
"INTERPRO","RRM_dom","1.57%","40","2526","238","22271","1.17e-2","1.00e+0","1.48","1.00e+0","9.99e-1","7.13e-3"
"GOTERM_BP_DIRECT","cell migration","1.57%","40","2485","313","29712","7.97e-3","1.70e-1","1.53","1.00e+0","1.65e-1","4.80e-3"
"UP_SEQ_FEATURE","DOMAIN:RRM","1.57%","40","2463","235","22253","6.45e-3","7.26e-1","1.54","1.00e+0","7.23e-1","3.79e-3"
"UP_SEQ_FEATURE","REPEAT:ANK 1","1.57%","40","2463","209","22253","7.50e-4","1.28e-1","1.73","9.81e-1","1.27e-1","3.85e-4"
"UP_SEQ_FEATURE","REPEAT:ANK 2","1.57%","40","2463","209","22253","7.50e-4","1.28e-1","1.73","9.81e-1","1.27e-1","3.85e-4"
"UP_SEQ_FEATURE","REPEAT:WD","1.57%","40","2463","184","22253","4.78e-5","1.40e-2","1.96","2.23e-1","1.40e-2","2.11e-5"
"GOTERM_MF_DIRECT","molecular adaptor activity","1.57%","40","2457","218","28924","6.87e-6","3.71e-4","2.16","1.40e-2","3.47e-4","2.80e-6"
"GOTERM_CC_DIRECT","mitochondrial outer membrane","1.57%","40","2509","206","29722","1.43e-6","4.12e-5","2.30","1.56e-3","3.65e-5","5.39e-7"
"GOTERM_BP_DIRECT","autophagy","1.57%","40","2485","190","29712","1.29e-7","2.93e-5","2.52","7.91e-4","2.84e-5","4.38e-8"
"INTERPRO","Ankyrin_rpt","1.53%","39","2526","233","22271","1.36e-2","1.00e+0","1.48","1.00e+0","9.99e-1","8.35e-3"
"UP_KW_LIGAND","S-adenosyl-L-methionine","1.53%","39","971","177","6792","5.56e-3","7.42e-2","1.54","2.39e-1","7.42e-2","3.19e-3"
"INTERPRO","TPR-like_helical_dom_sf","1.53%","39","2526","220","22271","5.43e-3","1.00e+0","1.56","1.00e+0","9.99e-1","3.12e-3"
"KEGG_PATHWAY","Herpes simplex virus 1 infection","1.53%","39","1084","213","9565","2.86e-3","5.56e-2","1.62","6.33e-1","4.99e-2","1.59e-3"
"GOTERM_BP_DIRECT","positive regulation of cell migration","1.53%","39","2485","268","29712","9.45e-4","4.00e-2","1.74","9.97e-1","3.87e-2","4.94e-4"
"UP_SEQ_FEATURE","ZN_FING:RING-type","1.53%","39","2463","190","22253","2.12e-4","4.63e-2","1.85","6.75e-1","4.61e-2","1.00e-4"
"GOTERM_BP_DIRECT","mRNA splicing, via spliceosome","1.53%","39","2485","168","29712","1.23e-8","3.42e-6","2.78","7.53e-5","3.31e-6","3.69e-9"
"GOTERM_CC_DIRECT","fibrillar center","1.53%","39","2509","164","29722","7.82e-9","3.58e-7","2.82","8.59e-6","3.17e-7","2.30e-9"
"KEGG_PATHWAY","Salmonella infection","1.49%","38","1084","252","9565","5.80e-2","2.99e-1","1.33","1.00e+0","2.68e-1","3.98e-2"
"GOTERM_BP_DIRECT","nervous system development","1.49%","38","2485","321","29712","2.90e-2","3.83e-1","1.42","1.00e+0","3.71e-1","1.89e-2"
"GOTERM_CC_DIRECT","basolateral plasma membrane","1.49%","38","2509","309","29722","1.97e-2","1.42e-1","1.46","1.00e+0","1.26e-1","1.24e-2"
"GOTERM_CC_DIRECT","midbody","1.49%","38","2509","229","29722","9.84e-5","1.90e-3","1.97","1.02e-1","1.68e-3","4.48e-5"
"GOTERM_MF_DIRECT","transcription corepressor activity","1.49%","38","2457","199","28924","4.69e-6","2.75e-4","2.25","9.57e-3","2.57e-4","1.82e-6"
"UP_KW_PTM","Myristate","1.45%","37","1900","187","13214","3.89e-2","2.25e-1","1.38","6.70e-1","2.10e-1","2.53e-2"
"GOTERM_BP_DIRECT","cell population proliferation","1.45%","37","2485","312","29712","3.05e-2","3.95e-1","1.42","1.00e+0","3.83e-1","1.98e-2"
"UP_SEQ_FEATURE","LIPID:N-myristoyl glycine","1.45%","37","2463","180","22253","3.07e-4","6.24e-2","1.86","8.03e-1","6.21e-2","1.45e-4"
"GOTERM_CC_DIRECT","early endosome membrane","1.45%","37","2509","190","29722","3.48e-6","8.90e-5","2.31","3.82e-3","7.89e-5","1.31e-6"
"GOTERM_CC_DIRECT","spindle","1.45%","37","2509","158","29722","3.05e-8","1.24e-6","2.77","3.34e-5","1.10e-6","9.13e-9"
"UP_KW_BIOLOGICAL_PROCESS","rRNA processing","1.45%","37","1528","97","11473","2.70e-9","6.18e-8","2.86","4.29e-7","5.64e-8","6.75e-10"
"UP_KW_BIOLOGICAL_PROCESS","Ribosome biogenesis","1.45%","37","1528","94","11473","9.89e-10","3.15e-8","2.96","1.57e-7","2.87e-8","2.35e-10"
"GOTERM_BP_DIRECT","rRNA processing","1.45%","37","2485","135","29712","2.50e-10","9.58e-8","3.28","1.53e-6","9.28e-8","6.04e-11"
"UP_SEQ_FEATURE","ZN_FING:C2H2-type 4","1.41%","36","2463","246","22253","7.19e-2","1.00e+0","1.32","1.00e+0","9.95e-1","4.95e-2"
"SMART","RRM","1.41%","36","1284","225","10943","4.86e-2","1.00e+0","1.36","1.00e+0","1.00e+0","3.23e-2"
"SMART","ANK","1.41%","36","1284","224","10943","4.60e-2","1.00e+0","1.37","1.00e+0","1.00e+0","3.05e-2"
"KEGG_PATHWAY","Viral carcinogenesis","1.41%","36","1084","228","9565","3.72e-2","2.28e-1","1.39","1.00e+0","2.05e-1","2.42e-2"
"GOTERM_BP_DIRECT","protein stabilization","1.41%","36","2485","225","29712","2.65e-4","1.66e-2","1.91","8.03e-1","1.61e-2","1.24e-4"
"KEGG_PATHWAY","Autophagy - animal","1.41%","36","1084","167","9565","2.08e-4","1.85e-2","1.90","7.03e-2","1.66e-2","9.51e-5"
"GOTERM_CC_DIRECT","spliceosomal complex","1.41%","36","2509","149","29722","2.07e-8","8.74e-7","2.86","2.27e-5","7.75e-7","5.96e-9"
"GOTERM_MF_DIRECT","transcription coregulator activity","1.41%","36","2457","127","28924","2.51e-10","4.44e-8","3.34","5.14e-7","4.14e-8","5.88e-11"
"KEGG_PATHWAY","Lipid and atherosclerosis","1.37%","35","1084","217","9565","3.05e-2","2.03e-1","1.42","1.00e+0","1.82e-1","1.94e-2"
"GOTERM_MF_DIRECT","transferase activity","1.37%","35","2457","162","28924","6.65e-7","4.67e-5","2.54","1.36e-3","4.36e-5","2.22e-7"
"GOTERM_CC_DIRECT","RNA polymerase II transcription regulator complex","1.37%","35","2509","137","29722","7.44e-9","3.58e-7","3.03","8.17e-6","3.17e-7","1.99e-9"
"KEGG_PATHWAY","Kaposi sarcoma-associated herpesvirus infection","1.33%","34","1084","223","9565","6.44e-2","3.11e-1","1.35","1.00e+0","2.79e-1","4.35e-2"
"KEGG_PATHWAY","NOD-like receptor signaling pathway","1.33%","34","1084","216","9565","4.45e-2","2.43e-1","1.39","1.00e+0","2.18e-1","2.91e-2"
"GOTERM_BP_DIRECT","angiogenesis","1.33%","34","2485","288","29712","4.04e-2","4.59e-1","1.41","1.00e+0","4.45e-1","2.63e-2"
"GOTERM_CC_DIRECT","cell projection","1.33%","34","2509","255","29722","9.24e-3","8.12e-2","1.58","1.00e+0","7.20e-2","5.35e-3"
"UP_KW_BIOLOGICAL_PROCESS","Biological rhythms","1.33%","34","1528","151","11473","2.46e-3","2.44e-2","1.69","3.24e-1","2.23e-2","1.26e-3"
"KEGG_PATHWAY","Protein processing in endoplasmic reticulum","1.33%","34","1084","175","9565","2.12e-3","4.36e-2","1.71","5.24e-1","3.91e-2","1.09e-3"
"GOTERM_BP_DIRECT","lipid metabolic process","1.33%","34","2485","232","29712","1.86e-3","6.51e-2","1.75","1.00e+0","6.31e-2","9.64e-4"
"INTERPRO","Small_GTP-bd","1.33%","34","2526","167","22271","1.02e-3","4.36e-1","1.80","9.97e-1","4.36e-1","4.97e-4"
"KEGG_PATHWAY","Hepatitis B","1.33%","34","1084","164","9565","6.73e-4","2.94e-2","1.83","2.10e-1","2.64e-2","3.22e-4"
"UP_KW_BIOLOGICAL_PROCESS","Protein biosynthesis","1.33%","34","1528","140","11473","6.34e-4","7.21e-3","1.82","9.60e-2","6.57e-3","2.98e-4"
"UP_KW_DISEASE","Tumor suppressor","1.30%","33","71","135","399","1.59e-2","1.27e-1","1.37","1.34e-1","1.27e-1","1.04e-2"
"GOTERM_BP_DIRECT","brain development","1.30%","33","2485","233","29712","3.75e-3","1.03e-1","1.69","1.00e+0","9.98e-2","2.01e-3"
"GOTERM_BP_DIRECT","positive regulation of ERK1 and ERK2 cascade","1.30%","33","2485","231","29712","3.28e-3","9.45e-2","1.71","1.00e+0","9.15e-2","1.75e-3"
"UP_SEQ_FEATURE","REPEAT:ANK 3","1.30%","33","2463","175","22253","2.96e-3","4.23e-1","1.70","1.00e+0","4.21e-1","1.54e-3"
"GOTERM_BP_DIRECT","Wnt signaling pathway","1.30%","33","2485","225","29712","2.17e-3","7.25e-2","1.75","1.00e+0","7.03e-2","1.12e-3"
"UP_KW_MOLECULAR_FUNCTION","Isomerase","1.30%","33","1476","161","12454","2.15e-3","1.54e-2","1.73","1.81e-1","1.16e-2","1.09e-3"
"GOTERM_CC_DIRECT","lamellipodium","1.30%","33","2509","207","29722","6.20e-4","9.73e-3","1.89","4.94e-1","8.63e-3","2.95e-4"
"UP_SEQ_FEATURE","REPEAT:WD 7","1.30%","33","2463","149","22253","1.69e-4","4.07e-2","2.00","5.92e-1","4.05e-2","7.28e-5"
"GOTERM_BP_DIRECT","positive regulation of canonical NF-kappaB signal transduction","1.30%","33","2485","189","29712","9.78e-5","7.78e-3","2.09","4.51e-1","7.54e-3","4.14e-5"
"GOTERM_CC_DIRECT","synaptic vesicle","1.30%","33","2509","179","29722","3.96e-5","8.54e-4","2.18","4.26e-2","7.57e-4","1.59e-5"
"GOTERM_MF_DIRECT","histone binding","1.30%","33","2457","172","28924","1.97e-5","8.79e-4","2.26","3.96e-2","8.21e-4","7.59e-6"
"GOTERM_MF_DIRECT","double-stranded DNA binding","1.30%","33","2457","170","28924","1.54e-5","7.03e-4","2.29","3.11e-2","6.56e-4","5.86e-6"
"GOTERM_BP_DIRECT","mitochondrial translation","1.30%","33","2485","93","29712","1.45e-12","8.86e-10","4.24","8.86e-9","8.59e-10","2.42e-13"
"UP_SEQ_FEATURE","ZN_FING:C2H2-type 5","1.26%","32","2463","216","22253","7.87e-2","1.00e+0","1.34","1.00e+0","9.95e-1","5.33e-2"
"UP_KW_MOLECULAR_FUNCTION","Acyltransferase","1.26%","32","1476","175","12454","1.39e-2","6.15e-2","1.54","7.28e-1","4.63e-2","8.04e-3"
"UP_SEQ_FEATURE","REPEAT:ANK","1.26%","32","2463","186","22253","1.32e-2","9.42e-1","1.55","1.00e+0","9.38e-1","7.60e-3"
"UP_KW_MOLECULAR_FUNCTION","GTPase activation","1.26%","32","1476","174","12454","1.28e-2","6.15e-2","1.55","6.99e-1","4.63e-2","7.38e-3"
"GOTERM_CC_DIRECT","dendritic spine","1.26%","32","2509","220","29722","3.33e-3","3.70e-2","1.72","9.74e-1","3.28e-2","1.75e-3"
"GOTERM_BP_DIRECT","transmembrane transport","1.26%","32","2485","211","29712","1.50e-3","5.50e-2","1.81","1.00e+0","5.33e-2","7.46e-4"
"UP_KW_MOLECULAR_FUNCTION","Thiol protease","1.26%","32","1476","147","12454","9.23e-4","8.58e-3","1.84","8.23e-2","6.46e-3","4.36e-4"
"GOTERM_BP_DIRECT","response to lipopolysaccharide","1.26%","32","2485","194","29712","3.59e-4","2.08e-2","1.97","8.89e-1","2.01e-2","1.63e-4"
"KEGG_PATHWAY","Thyroid hormone signaling pathway","1.26%","32","1084","120","9565","6.88e-6","2.41e-3","2.35","2.41e-3","2.16e-3","2.40e-6"
"GOTERM_CC_DIRECT","recycling endosome","1.26%","32","2509","149","29722","2.17e-6","5.95e-5","2.54","2.38e-3","5.27e-5","7.23e-7"
"GOTERM_CC_DIRECT","actin cytoskeleton","1.22%","31","2509","274","29722","8.54e-2","3.91e-1","1.34","1.00e+0","3.47e-1","5.83e-2"
"UP_KW_BIOLOGICAL_PROCESS","Lipid biosynthesis","1.22%","31","1528","172","11473","7.13e-2","3.91e-1","1.35","1.00e+0","3.56e-1","4.72e-2"
"GOTERM_BP_DIRECT","actin cytoskeleton organization","1.22%","31","2485","239","29712","1.66e-2","2.66e-1","1.55","1.00e+0","2.58e-1","9.78e-3"
"GOTERM_CC_DIRECT","microtubule cytoskeleton","1.22%","31","2509","234","29722","1.42e-2","1.09e-1","1.57","1.00e+0","9.68e-2","8.27e-3"
"GOTERM_CC_DIRECT","mitochondrial membrane","1.22%","31","2509","219","29722","5.78e-3","5.67e-2","1.68","9.98e-1","5.03e-2","3.13e-3"
"GOTERM_BP_DIRECT","response to hypoxia","1.22%","31","2485","217","29712","4.45e-3","1.14e-1","1.71","1.00e+0","1.10e-1","2.36e-3"
"UP_SEQ_FEATURE","CROSSLNK:Glycyl lysine isopeptide (Lys-Gly) (interchain with G-Cter in SUMO1); alternate","1.22%","31","2463","161","22253","2.93e-3","4.23e-1","1.74","1.00e+0","4.21e-1","1.49e-3"
"UP_KW_MOLECULAR_FUNCTION","Nuclease","1.22%","31","1476","151","12454","2.92e-3","1.94e-2","1.73","2.38e-1","1.46e-2","1.48e-3"
"KEGG_PATHWAY","Phospholipase D signaling pathway","1.22%","31","1084","149","9565","1.15e-3","4.01e-2","1.84","3.30e-1","3.60e-2","5.44e-4"
"GOTERM_BP_DIRECT","neuron projection development","1.22%","31","2485","190","29712","5.44e-4","2.87e-2","1.95","9.64e-1","2.78e-2","2.49e-4"
"INTERPRO","WD40_repeat_CS","1.22%","31","2526","140","22271","4.21e-4","2.35e-1","1.95","9.05e-1","2.35e-1","1.86e-4"
"GOTERM_BP_DIRECT","multicellular organism growth","1.22%","31","2485","175","29712","1.26e-4","9.33e-3","2.12","5.39e-1","9.03e-3","5.26e-5"
"GOTERM_MF_DIRECT","DNA clamp loader activity","1.22%","31","2457","154","28924","1.41e-5","6.56e-4","2.37","2.84e-2","6.12e-4","5.11e-6"
"GOTERM_MF_DIRECT","cohesin loader activity","1.22%","31","2457","147","28924","5.35e-6","3.05e-4","2.48","1.09e-2","2.85e-4","1.84e-6"
"GOTERM_CC_DIRECT","late endosome membrane","1.22%","31","2509","146","29722","4.10e-6","1.00e-4","2.52","4.49e-3","8.87e-5","1.39e-6"
"GOTERM_BP_DIRECT","cellular response to hypoxia","1.22%","31","2485","145","29712","2.93e-6","4.18e-4","2.56","1.78e-2","4.05e-4","9.75e-7"
"KEGG_PATHWAY","Chemokine signaling pathway","1.18%","30","1084","193","9565","6.76e-2","3.16e-1","1.37","1.00e+0","2.83e-1","4.45e-2"
"UP_KW_MOLECULAR_FUNCTION","Guanine-nucleotide releasing factor","1.18%","30","1476","170","12454","2.70e-2","1.09e-1","1.49","9.22e-1","8.23e-2","1.63e-2"
"GOTERM_CC_DIRECT","focal adhesion","1.18%","30","2509","205","29722","4.18e-3","4.40e-2","1.73","9.90e-1","3.90e-2","2.18e-3"
"GOTERM_CC_DIRECT","endosome membrane","1.18%","30","2509","197","29722","2.32e-3","2.80e-2","1.80","9.22e-1","2.49e-2","1.16e-3"
"GOTERM_BP_DIRECT","regulation of cell population proliferation","1.18%","30","2485","188","29712","9.74e-4","4.03e-2","1.91","9.97e-1","3.90e-2","4.57e-4"
"KEGG_PATHWAY","Lysosome","1.18%","30","1084","136","9565","5.25e-4","2.62e-2","1.95","1.68e-1","2.35e-2","2.32e-4"
"GOTERM_BP_DIRECT","methylation","1.18%","30","2485","150","29712","1.69e-5","1.99e-3","2.39","9.82e-2","1.93e-3","6.08e-6"
"GOTERM_MF_DIRECT","ATP-dependent H3-H4 histone complex chaperone activity","1.18%","30","2457","145","28924","1.15e-5","5.48e-4","2.44","2.33e-2","5.12e-4","4.04e-6"
"GOTERM_MF_DIRECT","ATP-dependent H2AZ histone chaperone activity","1.18%","30","2457","145","28924","1.15e-5","5.48e-4","2.44","2.33e-2","5.12e-4","4.04e-6"
"GOTERM_MF_DIRECT","chromatin extrusion motor activity","1.18%","30","2457","145","28924","1.15e-5","5.48e-4","2.44","2.33e-2","5.12e-4","4.04e-6"
"GOTERM_CC_DIRECT","chromosome, telomeric region","1.18%","30","2509","138","29722","3.69e-6","9.21e-5","2.58","4.04e-3","8.17e-5","1.21e-6"
"GOTERM_MF_DIRECT","tRNA binding","1.18%","30","2457","92","28924","2.59e-10","4.44e-8","3.84","5.33e-7","4.14e-8","5.00e-11"
"UP_KW_BIOLOGICAL_PROCESS","Autophagy","1.14%","29","1528","163","11473","9.18e-2","4.71e-1","1.34","1.00e+0","4.30e-1","6.15e-2"
"GOTERM_CC_DIRECT","membrane raft","1.14%","29","2509","239","29722","4.83e-2","2.72e-1","1.44","1.00e+0","2.41e-1","3.06e-2"
"GOTERM_BP_DIRECT","translation","1.14%","29","2485","233","29712","3.32e-2","4.09e-1","1.49","1.00e+0","3.96e-1","2.04e-2"
"KEGG_PATHWAY","Hepatitis C","1.14%","29","1084","167","9565","2.12e-2","1.58e-1","1.53","9.99e-1","1.42e-1","1.24e-2"
"UP_KW_CELLULAR_COMPONENT","Mitochondrion outer membrane","1.14%","29","2244","154","18649","1.65e-2","7.88e-2","1.56","5.78e-1","6.52e-2","9.33e-3"
"SMART","AAA","1.14%","29","1284","146","10943","5.67e-3","4.40e-1","1.69","9.54e-1","4.39e-1","2.95e-3"
"INTERPRO","AAA+_ATPase","1.14%","29","2526","146","22271","3.67e-3","9.74e-1","1.75","1.00e+0","9.73e-1","1.84e-3"
"GOTERM_BP_DIRECT","endocytosis","1.14%","29","2485","191","29712","2.54e-3","8.07e-2","1.82","1.00e+0","7.82e-2","1.26e-3"
"KEGG_PATHWAY","Spinocerebellar ataxia","1.14%","29","1084","141","9565","2.04e-3","4.36e-2","1.81","5.11e-1","3.91e-2","9.82e-4"
"UP_KW_MOLECULAR_FUNCTION","Protein phosphatase","1.14%","29","1476","132","12454","1.45e-3","1.13e-2","1.85","1.26e-1","8.47e-3","6.77e-4"
"GOTERM_CC_DIRECT","late endosome","1.14%","29","2509","176","29722","8.35e-4","1.24e-2","1.95","6.00e-1","1.10e-2","3.81e-4"
"KEGG_PATHWAY","TNF signaling pathway","1.14%","29","1084","118","9565","9.82e-5","1.72e-2","2.17","3.38e-2","1.54e-2","3.80e-5"
"UP_KW_BIOLOGICAL_PROCESS","tRNA processing","1.14%","29","1528","100","11473","7.52e-5","1.09e-3","2.18","1.19e-2","9.91e-4","2.79e-5"
"GOTERM_BP_DIRECT","protein glycosylation","1.14%","29","2485","140","29712","1.21e-5","1.52e-3","2.48","7.16e-2","1.47e-3","4.19e-6"
"GOTERM_CC_DIRECT","nuclear matrix","1.14%","29","2509","138","29722","1.09e-5","2.59e-4","2.49","1.18e-2","2.30e-4","3.72e-6"
"GOTERM_BP_DIRECT","protein folding","1.14%","29","2485","129","29712","2.32e-6","3.81e-4","2.69","1.41e-2","3.69e-4","7.24e-7"
"UP_SEQ_FEATURE","ZN_FING:C2H2-type 6","1.10%","28","2463","179","22253","5.91e-2","1.00e+0","1.41","1.00e+0","9.95e-1","3.77e-2"
"KEGG_PATHWAY","Influenza A","1.10%","28","1084","174","9565","5.49e-2","2.87e-1","1.42","1.00e+0","2.57e-1","3.48e-2"
"GOTERM_CC_DIRECT","cell-cell junction","1.10%","28","2509","231","29722","5.29e-2","2.90e-1","1.44","1.00e+0","2.58e-1","3.36e-2"
"INTERPRO","Znf_RING_CS","1.10%","28","2526","164","22271","2.99e-2","1.00e+0","1.51","1.00e+0","9.99e-1","1.78e-2"
"KEGG_PATHWAY","Efferocytosis","1.10%","28","1084","163","9565","2.69e-2","1.92e-1","1.52","1.00e+0","1.72e-1","1.59e-2"
"UP_SEQ_FEATURE","REGION:Leucine-zipper","1.10%","28","2463","117","22253","1.54e-4","3.88e-2","2.16","5.57e-1","3.86e-2","5.99e-5"
"GOTERM_BP_DIRECT","positive regulation of NF-kappaB transcription factor activity","1.10%","28","2485","125","29712","3.85e-6","5.36e-4","2.68","2.33e-2","5.19e-4","1.21e-6"
"GOTERM_CC_DIRECT","catalytic step 2 spliceosome","1.10%","28","2509","117","29722","1.19e-6","3.63e-5","2.83","1.30e-3","3.22e-5","3.46e-7"
"GOTERM_CC_DIRECT","ubiquitin ligase complex","1.10%","28","2509","100","29722","3.82e-8","1.45e-6","3.32","4.20e-5","1.28e-6","9.06e-9"
"GOTERM_CC_DIRECT","site of double-strand break","1.10%","28","2509","100","29722","3.82e-8","1.45e-6","3.32","4.20e-5","1.28e-6","9.06e-9"
"GOTERM_BP_DIRECT","ERAD pathway","1.10%","28","2485","91","29712","3.38e-9","1.05e-6","3.68","2.07e-5","1.02e-6","6.97e-10"
"KEGG_PATHWAY","Ubiquitin mediated proteolysis","1.06%","27","1084","154","9565","2.37e-2","1.73e-1","1.55","1.00e+0","1.55e-1","1.37e-2"
"UP_KW_DOMAIN","TPR repeat","1.06%","27","1658","155","14896","2.13e-2","8.24e-2","1.57","4.86e-1","6.91e-2","1.21e-2"
"GOTERM_CC_DIRECT","myelin sheath","1.06%","27","2509","190","29722","9.80e-3","8.38e-2","1.68","1.00e+0","7.43e-2","5.26e-3"
"KEGG_PATHWAY","Insulin signaling pathway","1.06%","27","1084","140","9565","7.30e-3","9.26e-2","1.70","9.23e-1","8.31e-2","3.78e-3"
"GOTERM_BP_DIRECT","protein localization to plasma membrane","1.06%","27","2485","170","29712","1.96e-3","6.73e-2","1.90","1.00e+0","6.52e-2","9.20e-4"
"INTERPRO","SAM-dependent_MTases_sf","1.06%","27","2526","126","22271","1.75e-3","5.75e-1","1.89","1.00e+0","5.74e-1","8.01e-4"
"GOTERM_BP_DIRECT","endoplasmic reticulum to Golgi vesicle-mediated transport","1.06%","27","2485","115","29712","2.36e-6","3.81e-4","2.81","1.44e-2","3.69e-4","6.97e-7"
"GOTERM_CC_DIRECT","ruffle","1.06%","27","2509","110","29722","1.15e-6","3.60e-5","2.91","1.26e-3","3.19e-5","3.23e-7"
"GOTERM_BP_DIRECT","positive regulation of protein phosphorylation","1.02%","26","2485","227","29712","9.53e-2","7.37e-1","1.37","1.00e+0","7.14e-1","6.32e-2"
"GOTERM_BP_DIRECT","establishment of localization in cell","1.02%","26","2485","221","29712","7.53e-2","6.50e-1","1.41","1.00e+0","6.29e-1","4.87e-2"
"UP_SEQ_FEATURE","ZN_FING:C2H2-type 7","1.02%","26","2463","155","22253","3.44e-2","1.00e+0","1.52","1.00e+0","9.95e-1","2.03e-2"
"GOTERM_CC_DIRECT","cell cortex","1.02%","26","2509","202","29722","3.44e-2","2.18e-1","1.52","1.00e+0","1.93e-1","2.05e-2"
"UP_KW_MOLECULAR_FUNCTION","Helicase","1.02%","26","1476","145","12454","3.39e-2","1.26e-1","1.51","9.60e-1","9.50e-2","1.99e-2"
"UP_KW_BIOLOGICAL_PROCESS","Translation regulation","1.02%","26","1528","127","11473","2.75e-2","2.18e-1","1.54","9.88e-1","1.99e-1","1.57e-2"
"UP_SEQ_FEATURE","REPEAT:ANK 4","1.02%","26","2463","145","22253","1.63e-2","1.00e+0","1.62","1.00e+0","9.95e-1","8.94e-3"
"KEGG_PATHWAY","Yersinia infection","1.02%","26","1084","136","9565","9.58e-3","1.02e-1","1.69","9.66e-1","9.11e-2","5.00e-3"
"INTERPRO","Znf_FYVE_PHD","1.02%","26","2526","135","22271","9.12e-3","1.00e+0","1.70","1.00e+0","9.99e-1","4.73e-3"
"KEGG_PATHWAY","Purine metabolism","1.02%","26","1084","134","9565","7.94e-3","9.26e-2","1.71","9.38e-1","8.31e-2","4.08e-3"
"GOTERM_BP_DIRECT","glucose homeostasis","1.02%","26","2485","170","29712","4.01e-3","1.07e-1","1.83","1.00e+0","1.03e-1","1.97e-3"
"GOTERM_CC_DIRECT","kinetochore","1.02%","26","2509","161","29722","2.16e-3","2.67e-2","1.91","9.07e-1","2.37e-2","1.01e-3"
"GOTERM_CC_DIRECT","Schaffer collateral - CA1 synapse","1.02%","26","2509","153","29722","1.04e-3","1.51e-2","2.01","6.83e-1","1.34e-2","4.59e-4"
"GOTERM_MF_DIRECT","transmembrane transporter activity","1.02%","26","2457","144","28924","4.58e-4","9.60e-3","2.13","6.10e-1","8.97e-3","1.89e-4"
"GOTERM_BP_DIRECT","protein polyubiquitination","1.02%","26","2485","145","29712","4.06e-4","2.28e-2","2.14","9.17e-1","2.21e-2","1.66e-4"
"GOTERM_CC_DIRECT","peroxisome","1.02%","26","2509","137","29722","1.90e-4","3.41e-3","2.25","1.88e-1","3.03e-3","7.33e-5"
"GOTERM_BP_DIRECT","Golgi organization","1.02%","26","2485","108","29712","2.32e-6","3.81e-4","2.88","1.41e-2","3.69e-4","6.65e-7"
"KEGG_PATHWAY","mTOR signaling pathway","0.98%","25","1084","158","9565","8.17e-2","3.57e-1","1.40","1.00e+0","3.21e-1","5.24e-2"
"KEGG_PATHWAY","Cell cycle","0.98%","25","1084","157","9565","7.72e-2","3.42e-1","1.41","1.00e+0","3.07e-1","4.92e-2"
"INTERPRO","MFS_trans_sf","0.98%","25","2526","146","22271","3.95e-2","1.00e+0","1.51","1.00e+0","9.99e-1","2.33e-2"
"KEGG_PATHWAY","Measles","0.98%","25","1084","145","9565","3.57e-2","2.23e-1","1.52","1.00e+0","2.00e-1","2.09e-2"
"KEGG_PATHWAY","AMPK signaling pathway","0.98%","25","1084","127","9565","7.82e-3","9.26e-2","1.74","9.36e-1","8.31e-2","3.94e-3"
"GOTERM_BP_DIRECT","mitochondrion organization","0.98%","25","2485","166","29712","5.88e-3","1.41e-1","1.80","1.00e+0","1.36e-1","2.93e-3"
"GOTERM_MF_DIRECT","peptidase activity","0.98%","25","2457","155","28924","2.95e-3","4.27e-2","1.90","9.98e-1","3.98e-2","1.38e-3"
"GOTERM_MF_DIRECT","histone deacetylase binding","0.98%","25","2457","144","28924","1.07e-3","1.98e-2","2.04","8.89e-1","1.85e-2","4.61e-4"
"GOTERM_CC_DIRECT","mitotic spindle","0.98%","25","2509","142","29722","8.01e-4","1.21e-2","2.09","5.85e-1","1.07e-2","3.38e-4"
"GOTERM_BP_DIRECT","negative regulation of cell growth","0.98%","25","2485","132","29712","2.32e-4","1.54e-2","2.26","7.59e-1","1.49e-2","8.92e-5"
"UP_KW_MOLECULAR_FUNCTION","Ligase","0.94%","24","1476","141","12454","6.87e-2","2.13e-1","1.44","9.99e-1","1.60e-1","4.26e-2"
"GOTERM_BP_DIRECT","positive regulation of neuron projection development","0.94%","24","2485","185","29712","3.59e-2","4.33e-1","1.55","1.00e+0","4.20e-1","2.10e-2"
"UP_SEQ_FEATURE","REPEAT:TPR 1","0.94%","24","2463","137","22253","2.74e-2","1.00e+0","1.58","1.00e+0","9.95e-1","1.53e-2"
"UP_SEQ_FEATURE","REPEAT:TPR 2","0.94%","24","2463","137","22253","2.74e-2","1.00e+0","1.58","1.00e+0","9.95e-1","1.53e-2"
"GOTERM_MF_DIRECT","kinase activity","0.94%","24","2457","165","28924","1.26e-2","1.37e-1","1.71","1.00e+0","1.28e-1","6.61e-3"
"KEGG_PATHWAY","Growth hormone synthesis, secretion and action","0.94%","24","1084","117","9565","5.59e-3","8.15e-2","1.81","8.59e-1","7.31e-2","2.68e-3"
"GOTERM_BP_DIRECT","neuron migration","0.94%","24","2485","155","29712","5.03e-3","1.23e-1","1.85","1.00e+0","1.19e-1","2.43e-3"
"GOTERM_BP_DIRECT","response to oxidative stress","0.94%","24","2485","154","29712","4.64e-3","1.17e-1","1.86","1.00e+0","1.13e-1","2.22e-3"
"COG_ONTOLOGY","Translation, ribosomal structure and biogenesis","0.94%","24","317","84","2099","2.11e-3","8.43e-2","1.89","8.09e-2","8.43e-2","9.18e-4"
"KEGG_PATHWAY","NF-kappa B signaling pathway","0.94%","24","1084","107","9565","1.70e-3","4.36e-2","1.98","4.49e-1","3.91e-2","7.36e-4"
"GOTERM_BP_DIRECT","negative regulation of inflammatory response","0.94%","24","2485","139","29712","1.21e-3","4.83e-2","2.06","9.99e-1","4.68e-2","5.16e-4"
"GOTERM_BP_DIRECT","protein import into nucleus","0.94%","24","2485","118","29712","1.06e-4","8.12e-3","2.43","4.78e-1","7.87e-3","3.73e-5"
"GOTERM_BP_DIRECT","regulation of translation","0.94%","24","2485","113","29712","5.27e-5","4.58e-3","2.54","2.76e-1","4.43e-3","1.76e-5"
"GOTERM_CC_DIRECT","growth cone","0.90%","23","2509","193","29722","9.16e-2","4.03e-1","1.41","1.00e+0","3.57e-1","5.87e-2"
"KEGG_PATHWAY","Apelin signaling pathway","0.90%","23","1084","139","9565","6.49e-2","3.11e-1","1.46","1.00e+0","2.79e-1","3.96e-2"
"GOTERM_CC_DIRECT","adherens junction","0.90%","23","2509","178","29722","4.55e-2","2.62e-1","1.53","1.00e+0","2.33e-1","2.68e-2"
"KEGG_PATHWAY","Relaxin signaling pathway","0.90%","23","1084","130","9565","3.46e-2","2.20e-1","1.56","1.00e+0","1.98e-1","1.96e-2"
"GOTERM_CC_DIRECT","centriole","0.90%","23","2509","165","29722","2.17e-2","1.55e-1","1.65","1.00e+0","1.38e-1","1.18e-2"
"GOTERM_CC_DIRECT","centriolar satellite","0.90%","23","2509","142","29722","3.96e-3","4.22e-2","1.92","9.87e-1","3.75e-2","1.83e-3"
"GOTERM_BP_DIRECT","regulation of cell shape","0.90%","23","2485","142","29712","3.55e-3","9.88e-2","1.94","1.00e+0","9.57e-2","1.63e-3"
"GOTERM_CC_DIRECT","cytoplasmic vesicle membrane","0.90%","23","2509","139","29722","3.04e-3","3.44e-2","1.96","9.65e-1","3.05e-2","1.37e-3"
"UP_KW_BIOLOGICAL_PROCESS","ER-Golgi transport","0.90%","23","1528","90","11473","2.97e-3","2.78e-2","1.92","3.77e-1","2.53e-2","1.30e-3"
"KEGG_PATHWAY","Mitophagy - animal","0.90%","23","1084","101","9565","1.78e-3","4.36e-2","2.01","4.63e-1","3.91e-2","7.53e-4"
"GOTERM_BP_DIRECT","protein-containing complex assembly","0.90%","23","2485","131","29712","1.25e-3","4.91e-2","2.10","1.00e+0","4.76e-2","5.24e-4"
"INTERPRO","G-protein_beta_WD-40_rep","0.90%","23","2526","92","22271","5.01e-4","2.54e-1","2.20","9.39e-1","2.54e-1","1.89e-4"
"KEGG_PATHWAY","Longevity regulating pathway","0.90%","23","1084","90","9565","3.40e-4","2.38e-2","2.25","1.12e-1","2.14e-2","1.25e-4"
"GOTERM_BP_DIRECT","cellular response to insulin stimulus","0.90%","23","2485","110","29712","9.99e-5","7.85e-3","2.50","4.58e-1","7.60e-3","3.40e-5"
"GOTERM_BP_DIRECT","response to insulin","0.90%","23","2485","100","29712","2.17e-5","2.41e-3","2.75","1.24e-1","2.34e-3","6.56e-6"
"GOTERM_BP_DIRECT","protein K48-linked ubiquitination","0.90%","23","2485","99","29712","1.83e-5","2.12e-3","2.78","1.06e-1","2.05e-3","5.48e-6"
"KEGG_PATHWAY","ATP-dependent chromatin remodeling","0.86%","22","1084","136","9565","8.62e-2","3.62e-1","1.43","1.00e+0","3.25e-1","5.37e-2"
"KEGG_PATHWAY","Ribosome biogenesis in eukaryotes","0.86%","22","1084","125","9565","4.11e-2","2.32e-1","1.55","1.00e+0","2.08e-1","2.34e-2"
"UP_SEQ_FEATURE","REPEAT:TPR 3","0.86%","22","2463","126","22253","3.63e-2","1.00e+0","1.58","1.00e+0","9.95e-1","2.04e-2"
"KEGG_PATHWAY","Neurotrophin signaling pathway","0.86%","22","1084","121","9565","3.00e-2","2.03e-1","1.60","1.00e+0","1.82e-1","1.65e-2"
"GOTERM_CC_DIRECT","synaptic vesicle membrane","0.86%","22","2509","160","29722","2.85e-2","1.92e-1","1.63","1.00e+0","1.70e-1","1.57e-2"
"UP_KW_BIOLOGICAL_PROCESS","Antiviral defense","0.86%","22","1528","101","11473","2.36e-2","1.98e-1","1.64","9.78e-1","1.80e-1","1.25e-2"
"GOTERM_BP_DIRECT","negative regulation of cell migration","0.86%","22","2485","151","29712","1.45e-2","2.42e-1","1.74","1.00e+0","2.34e-1","7.46e-3"
"INTERPRO","NA-bd_OB-fold","0.86%","22","2526","110","22271","1.14e-2","1.00e+0","1.76","1.00e+0","9.99e-1","5.63e-3"
"KEGG_PATHWAY","Insulin resistance","0.86%","22","1084","110","9565","1.10e-2","1.02e-1","1.76","9.79e-1","9.14e-2","5.43e-3"
"GOTERM_MF_DIRECT","kinase binding","0.86%","22","2457","129","28924","2.84e-3","4.14e-2","2.01","9.97e-1","3.87e-2","1.25e-3"
"GOTERM_BP_DIRECT","memory","0.86%","22","2485","124","29712","1.43e-3","5.35e-2","2.12","1.00e+0","5.18e-2","5.91e-4"
"GOTERM_CC_DIRECT","lipid droplet","0.86%","22","2509","121","29722","1.17e-3","1.67e-2","2.15","7.23e-1","1.48e-2","4.73e-4"
"GOTERM_CC_DIRECT","PML body","0.86%","22","2509","117","29722","7.46e-4","1.14e-2","2.23","5.59e-1","1.01e-2","2.91e-4"
"GOTERM_BP_DIRECT","positive regulation of JNK cascade","0.86%","22","2485","118","29712","7.43e-4","3.40e-2","2.23","9.89e-1","3.29e-2","2.90e-4"
"GOTERM_BP_DIRECT","positive regulation of neuron apoptotic process","0.86%","22","2485","100","29712","6.82e-5","5.72e-3","2.63","3.42e-1","5.54e-3","2.18e-5"
"GOTERM_MF_DIRECT","cysteine-type deubiquitinase activity","0.86%","22","2457","94","28924","3.25e-5","1.39e-3","2.76","6.46e-2","1.30e-3","9.80e-6"
"GOTERM_BP_DIRECT","regulation of DNA repair","0.86%","22","2485","58","29712","3.43e-9","1.05e-6","4.54","2.10e-5","1.02e-6","5.20e-10"
"KEGG_PATHWAY","Sphingolipid signaling pathway","0.82%","21","1084","126","9565","7.40e-2","3.36e-1","1.47","1.00e+0","3.02e-1","4.46e-2"
"GOTERM_CC_DIRECT","vesicle","0.82%","21","2509","157","29722","4.19e-2","2.50e-1","1.58","1.00e+0","2.22e-1","2.38e-2"
"KEGG_PATHWAY","Nucleocytoplasmic transport","0.82%","21","1084","118","9565","4.19e-2","2.33e-1","1.57","1.00e+0","2.09e-1","2.35e-2"
"KEGG_PATHWAY","HIF-1 signaling pathway","0.82%","21","1084","117","9565","3.87e-2","2.30e-1","1.58","1.00e+0","2.06e-1","2.16e-2"
"GOTERM_BP_DIRECT","protein autophosphorylation","0.82%","21","2485","149","29712","2.37e-2","3.40e-1","1.69","1.00e+0","3.29e-1","1.26e-2"
"GOTERM_BP_DIRECT","cytoskeleton organization","0.82%","21","2485","147","29712","2.08e-2","3.09e-1","1.71","1.00e+0","3.00e-1","1.09e-2"
"UP_SEQ_FEATURE","ACT_SITE:Proton donor/acceptor","0.82%","21","2463","111","22253","1.90e-2","1.00e+0","1.71","1.00e+0","9.95e-1","9.74e-3"
"GOTERM_BP_DIRECT","negative regulation of canonical Wnt signaling pathway","0.82%","21","2485","141","29712","1.37e-2","2.34e-1","1.78","1.00e+0","2.26e-1","6.87e-3"
"KEGG_PATHWAY","Toll-like receptor signaling pathway","0.82%","21","1084","104","9565","1.19e-2","1.02e-1","1.78","9.85e-1","9.14e-2","5.81e-3"
"KEGG_PATHWAY","Aldosterone synthesis and secretion","0.82%","21","1084","104","9565","1.19e-2","1.02e-1","1.78","9.85e-1","9.14e-2","5.81e-3"
"KEGG_PATHWAY","mRNA surveillance pathway","0.82%","21","1084","104","9565","1.19e-2","1.02e-1","1.78","9.85e-1","9.14e-2","5.81e-3"
"GOTERM_MF_DIRECT","protein-folding chaperone binding","0.82%","21","2457","133","28924","8.66e-3","1.02e-1","1.86","1.00e+0","9.54e-2","4.14e-3"
"GOTERM_BP_DIRECT","neurogenesis","0.82%","21","2485","132","29712","6.76e-3","1.53e-1","1.90","1.00e+0","1.48e-1","3.15e-3"
"GOTERM_BP_DIRECT","insulin receptor signaling pathway","0.82%","21","2485","128","29712","4.78e-3","1.19e-1","1.96","1.00e+0","1.15e-1","2.16e-3"
"SMART","PHD","0.82%","21","1284","92","10943","4.34e-3","4.40e-1","1.95","9.06e-1","4.39e-1","1.90e-3"
"KEGG_PATHWAY","Endocrine resistance","0.82%","21","1084","93","9565","3.29e-3","5.96e-2","1.99","6.85e-1","5.34e-2","1.41e-3"
"INTERPRO","Znf_PHD","0.82%","21","2526","92","22271","3.01e-3","8.39e-1","2.01","1.00e+0","8.39e-1","1.27e-3"
"GOTERM_BP_DIRECT","positive regulation of tumor necrosis factor production","0.82%","21","2485","122","29712","2.72e-3","8.19e-2","2.06","1.00e+0","7.94e-2","1.16e-3"
"GOTERM_BP_DIRECT","positive regulation of interleukin-6 production","0.82%","21","2485","112","29712","9.39e-4","4.00e-2","2.24","9.97e-1","3.87e-2","3.63e-4"
"GOTERM_BP_DIRECT","response to endoplasmic reticulum stress","0.82%","21","2485","110","29712","7.43e-4","3.40e-2","2.28","9.89e-1","3.29e-2","2.81e-4"
"GOTERM_BP_DIRECT","circadian rhythm","0.82%","21","2485","108","29712","5.83e-4","2.93e-2","2.32","9.72e-1","2.83e-2","2.16e-4"
"GOTERM_BP_DIRECT","positive regulation of cell growth","0.82%","21","2485","108","29712","5.83e-4","2.93e-2","2.32","9.72e-1","2.83e-2","2.16e-4"
"GOTERM_BP_DIRECT","positive regulation of DNA-binding transcription factor activity","0.82%","21","2485","106","29712","4.54e-4","2.46e-2","2.37","9.38e-1","2.38e-2","1.65e-4"
"GOTERM_BP_DIRECT","peptidyl-serine phosphorylation","0.82%","21","2485","106","29712","4.54e-4","2.46e-2","2.37","9.38e-1","2.38e-2","1.65e-4"
"GOTERM_CC_DIRECT","P-body","0.82%","21","2509","101","29722","2.64e-4","4.67e-3","2.46","2.51e-1","4.14e-3","9.11e-5"
"GOTERM_MF_DIRECT","ubiquitin binding","0.82%","21","2457","100","28924","2.49e-4","5.32e-3","2.47","4.00e-1","4.97e-3","8.56e-5"
"GOTERM_BP_DIRECT","cellular response to type II interferon","0.82%","21","2485","101","29712","2.33e-4","1.54e-2","2.49","7.60e-1","1.49e-2","7.99e-5"
"GOTERM_BP_DIRECT","transforming growth factor beta receptor signaling pathway","0.82%","21","2485","99","29712","1.76e-4","1.24e-2","2.54","6.60e-1","1.20e-2","5.88e-5"
"GOTERM_BP_DIRECT","regulation of RNA splicing","0.82%","21","2485","72","29712","1.14e-6","2.12e-4","3.49","6.98e-3","2.06e-4","2.54e-7"
"GOTERM_CC_DIRECT","mitochondrial large ribosomal subunit","0.82%","21","2509","57","29722","1.76e-8","7.74e-7","4.36","1.94e-5","6.87e-7","2.83e-9"
"KEGG_PATHWAY","Parathyroid hormone synthesis, secretion and action","0.79%","20","1084","116","9565","6.21e-2","3.11e-1","1.52","1.00e+0","2.79e-1","3.61e-2"
"KEGG_PATHWAY","C-type lectin receptor signaling pathway","0.79%","20","1084","112","9565","4.61e-2","2.48e-1","1.58","1.00e+0","2.23e-1","2.58e-2"
"GOTERM_BP_DIRECT","cytokine-mediated signaling pathway","0.79%","20","2485","143","29712","2.96e-2","3.89e-1","1.67","1.00e+0","3.77e-1","1.59e-2"
"KEGG_PATHWAY","Glycerophospholipid metabolism","0.79%","20","1084","101","9565","1.75e-2","1.36e-1","1.75","9.98e-1","1.22e-1","8.72e-3"
"INTERPRO","MFS_dom","0.79%","20","2526","98","22271","1.33e-2","1.00e+0","1.80","1.00e+0","9.99e-1","6.40e-3"
"KEGG_PATHWAY","Choline metabolism in cancer","0.79%","20","1084","98","9565","1.29e-2","1.07e-1","1.80","9.89e-1","9.63e-2","6.20e-3"
"UP_KW_MOLECULAR_FUNCTION","Dioxygenase","0.79%","20","1476","87","12454","5.69e-3","3.11e-2","1.94","4.12e-1","2.34e-2","2.49e-3"
"GOTERM_CC_DIRECT","cytoplasmic side of plasma membrane","0.79%","20","2509","119","29722","5.10e-3","5.09e-2","1.99","9.96e-1","4.51e-2","2.26e-3"
"GOTERM_BP_DIRECT","carbohydrate metabolic process","0.79%","20","2485","117","29712","3.82e-3","1.04e-1","2.04","1.00e+0","1.01e-1","1.64e-3"
"GOTERM_CC_DIRECT","neuromuscular junction","0.79%","20","2509","114","29722","3.14e-3","3.52e-2","2.08","9.68e-1","3.12e-2","1.32e-3"
"KEGG_PATHWAY","RNA degradation","0.79%","20","1084","83","9565","1.95e-3","4.36e-2","2.13","4.95e-1","3.91e-2","7.68e-4"
"GOTERM_BP_DIRECT","fat cell differentiation","0.79%","20","2485","109","29712","1.67e-3","5.99e-2","2.19","1.00e+0","5.80e-2","6.62e-4"
"GOTERM_CC_DIRECT","mitochondrial intermembrane space","0.79%","20","2509","96","29722","3.74e-4","6.32e-3","2.47","3.37e-1","5.60e-3","1.29e-4"
"GOTERM_BP_DIRECT","DNA-templated transcription","0.79%","20","2485","93","29712","2.17e-4","1.46e-2","2.57","7.35e-1","1.41e-2","7.12e-5"
"GOTERM_CC_DIRECT","phagocytic vesicle","0.79%","20","2509","87","29722","9.67e-5","1.90e-3","2.72","1.01e-1","1.68e-3","2.96e-5"
"GOTERM_CC_DIRECT","euchromatin","0.79%","20","2509","78","29722","1.94e-5","4.34e-4","3.04","2.10e-2","3.85e-4","5.15e-6"
"GOTERM_BP_DIRECT","positive regulation of transcription elongation by RNA polymerase II","0.79%","20","2485","53","29712","2.30e-8","6.12e-6","4.51","1.41e-4","5.93e-6","3.52e-9"
"SMART","HELICc","0.75%","19","1284","111","10943","9.55e-2","1.00e+0","1.46","1.00e+0","1.00e+0","5.77e-2"
"UP_SEQ_FEATURE","DOMAIN:Helicase ATP-binding","0.75%","19","2463","117","22253","9.31e-2","1.00e+0","1.47","1.00e+0","9.95e-1","5.61e-2"
"INTERPRO","SH2_dom_sf","0.75%","19","2526","114","22271","9.17e-2","1.00e+0","1.47","1.00e+0","9.99e-1","5.51e-2"
"INTERPRO","Helicase_ATP-bd","0.75%","19","2526","114","22271","9.17e-2","1.00e+0","1.47","1.00e+0","9.99e-1","5.51e-2"
"GOTERM_BP_DIRECT","microtubule cytoskeleton organization","0.75%","19","2485","150","29712","7.64e-2","6.56e-1","1.51","1.00e+0","6.35e-1","4.53e-2"
"INTERPRO","Helicase_C-like","0.75%","19","2526","111","22271","7.50e-2","1.00e+0","1.51","1.00e+0","9.99e-1","4.38e-2"
"UP_KW_BIOLOGICAL_PROCESS","Lipid degradation","0.75%","19","1528","93","11473","6.34e-2","3.60e-1","1.53","1.00e+0","3.28e-1","3.59e-2"
"UP_SEQ_FEATURE","DOMAIN:Helicase C-terminal","0.75%","19","2463","111","22253","6.22e-2","1.00e+0","1.55","1.00e+0","9.95e-1","3.55e-2"
"UP_KW_BIOLOGICAL_PROCESS","mRNA transport","0.75%","19","1528","92","11473","5.80e-2","3.44e-1","1.55","1.00e+0","3.14e-1","3.25e-2"
"UP_SEQ_FEATURE","TRANSMEM:Helical; Name=8","0.75%","19","2463","107","22253","4.61e-2","1.00e+0","1.60","1.00e+0","9.95e-1","2.52e-2"
"GOTERM_CC_DIRECT","spindle pole","0.75%","19","2509","137","29722","3.99e-2","2.45e-1","1.64","1.00e+0","2.17e-1","2.17e-2"
"INTERPRO","Prot-tyrosine_phosphatase-like","0.75%","19","2526","101","22271","3.44e-2","1.00e+0","1.66","1.00e+0","9.99e-1","1.81e-2"
"KEGG_PATHWAY","Prostate cancer","0.75%","19","1084","100","9565","3.07e-2","2.03e-1","1.68","1.00e+0","1.82e-1","1.60e-2"
"GOTERM_BP_DIRECT","MAPK cascade","0.75%","19","2485","123","29712","1.39e-2","2.34e-1","1.85","1.00e+0","2.26e-1","6.66e-3"
"GOTERM_BP_DIRECT","axonogenesis","0.75%","19","2485","122","29712","1.28e-2","2.24e-1","1.86","1.00e+0","2.17e-1","6.10e-3"
"GOTERM_CC_DIRECT","intercellular bridge","0.75%","19","2509","117","29722","9.23e-3","8.12e-2","1.92","1.00e+0","7.20e-2","4.24e-3"
"UP_SEQ_FEATURE","DOMAIN:RRM 2","0.75%","19","2463","90","22253","9.03e-3","7.97e-1","1.91","1.00e+0","7.93e-1","4.07e-3"
"UP_SEQ_FEATURE","DOMAIN:RRM 1","0.75%","19","2463","90","22253","9.03e-3","7.97e-1","1.91","1.00e+0","7.93e-1","4.07e-3"
"GOTERM_MF_DIRECT","phosphatidylinositol binding","0.75%","19","2457","114","28924","7.53e-3","9.17e-2","1.96","1.00e+0","8.56e-2","3.38e-3"
"GOTERM_BP_DIRECT","lipid catabolic process","0.75%","19","2485","113","29712","5.87e-3","1.41e-1","2.01","1.00e+0","1.36e-1","2.57e-3"
"GOTERM_BP_DIRECT","cellular response to mechanical stimulus","0.75%","19","2485","112","29712","5.35e-3","1.29e-1","2.03","1.00e+0","1.25e-1","2.32e-3"
"GOTERM_BP_DIRECT","regulation of protein localization","0.75%","19","2485","111","29712","4.86e-3","1.20e-1","2.05","1.00e+0","1.16e-1","2.08e-3"
"GOTERM_BP_DIRECT","liver development","0.75%","19","2485","111","29712","4.86e-3","1.20e-1","2.05","1.00e+0","1.16e-1","2.08e-3"
"GOTERM_MF_DIRECT","nucleotide binding","0.75%","19","2457","108","28924","4.24e-3","5.93e-2","2.07","1.00e+0","5.54e-2","1.79e-3"
"GOTERM_BP_DIRECT","small GTPase-mediated signal transduction","0.75%","19","2485","108","29712","3.61e-3","9.98e-2","2.10","1.00e+0","9.66e-2","1.50e-3"
"GOTERM_CC_DIRECT","cytoplasmic stress granule","0.75%","19","2509","99","29722","1.48e-3","1.98e-2","2.27","8.04e-1","1.76e-2","5.62e-4"
"GOTERM_BP_DIRECT","cellular response to oxidative stress","0.75%","19","2485","99","29712","1.33e-3","5.11e-2","2.29","1.00e+0","4.95e-2","5.02e-4"
"GOTERM_CC_DIRECT","small-subunit processome","0.75%","19","2509","88","29722","3.46e-4","5.94e-3","2.56","3.16e-1","5.27e-3","1.14e-4"
"GOTERM_BP_DIRECT","rhythmic process","0.75%","19","2485","88","29712","3.10e-4","1.90e-2","2.58","8.50e-1","1.84e-2","1.01e-4"
"GOTERM_BP_DIRECT","positive regulation of smooth muscle cell proliferation","0.75%","19","2485","85","29712","1.96e-4","1.35e-2","2.67","7.00e-1","1.31e-2","6.15e-5"
"GOTERM_BP_DIRECT","cell projection organization","0.75%","19","2485","82","29712","1.21e-4","9.06e-3","2.77","5.24e-1","8.78e-3","3.63e-5"
"GOTERM_BP_DIRECT","cellular response to growth factor stimulus","0.75%","19","2485","78","29712","6.08e-5","5.17e-3","2.91","3.11e-1","5.01e-3","1.71e-5"
"GOTERM_MF_DIRECT","myosin phosphatase activity","0.75%","19","2457","76","28924","5.16e-5","1.76e-3","2.94","1.00e-1","1.65e-3","1.43e-5"
"GOTERM_MF_DIRECT","RNA polymerase II CTD heptapeptide repeat S5 phosphatase activity","0.75%","19","2457","76","28924","5.16e-5","1.76e-3","2.94","1.00e-1","1.65e-3","1.43e-5"
"GOTERM_MF_DIRECT","calmodulin-dependent protein phosphatase activity","0.75%","19","2457","76","28924","5.16e-5","1.76e-3","2.94","1.00e-1","1.65e-3","1.43e-5"
"GOTERM_MF_DIRECT","RNA polymerase II CTD heptapeptide repeat S7 phosphatase activity","0.75%","19","2457","76","28924","5.16e-5","1.76e-3","2.94","1.00e-1","1.65e-3","1.43e-5"
"GOTERM_MF_DIRECT","RNA polymerase II CTD heptapeptide repeat T4 phosphatase activity","0.75%","19","2457","76","28924","5.16e-5","1.76e-3","2.94","1.00e-1","1.65e-3","1.43e-5"
"GOTERM_MF_DIRECT","RNA polymerase II CTD heptapeptide repeat S2 phosphatase activity","0.75%","19","2457","76","28924","5.16e-5","1.76e-3","2.94","1.00e-1","1.65e-3","1.43e-5"
"GOTERM_MF_DIRECT","MAP kinase serine/threonine phosphatase activity","0.75%","19","2457","76","28924","5.16e-5","1.76e-3","2.94","1.00e-1","1.65e-3","1.43e-5"
"GOTERM_MF_DIRECT","p53 binding","0.75%","19","2457","76","28924","5.16e-5","1.76e-3","2.94","1.00e-1","1.65e-3","1.43e-5"
"GOTERM_MF_DIRECT","RNA polymerase II CTD heptapeptide repeat Y1 phosphatase activity","0.75%","19","2457","76","28924","5.16e-5","1.76e-3","2.94","1.00e-1","1.65e-3","1.43e-5"
"GOTERM_MF_DIRECT","histone H2AXS140 phosphatase activity","0.75%","19","2457","76","28924","5.16e-5","1.76e-3","2.94","1.00e-1","1.65e-3","1.43e-5"
"GOTERM_BP_DIRECT","protein deubiquitination","0.75%","19","2485","76","29712","4.21e-5","3.96e-3","2.99","2.27e-1","3.84e-3","1.15e-5"
"INTERPRO","bZIP","0.75%","19","2526","57","22271","3.56e-5","3.97e-2","2.94","1.80e-1","3.97e-2","9.12e-6"
"INTERPRO","bZIP_sf","0.75%","19","2526","57","22271","3.56e-5","3.97e-2","2.94","1.80e-1","3.97e-2","9.12e-6"
"GOTERM_BP_DIRECT","negative regulation of canonical NF-kappaB signal transduction","0.75%","19","2485","74","29712","2.87e-5","2.76e-3","3.07","1.61e-1","2.67e-3","7.54e-6"
"SMART","BRLZ","0.75%","19","1284","54","10943","2.39e-5","6.48e-3","3.00","1.29e-2","6.47e-3","5.87e-6"
"UP_SEQ_FEATURE","DOMAIN:bZIP","0.75%","19","2463","54","22253","1.11e-5","3.44e-3","3.18","5.68e-2","3.43e-3","2.55e-6"
"GOTERM_BP_DIRECT","positive regulation of transcription initiation by RNA polymerase II","0.75%","19","2485","61","29712","1.48e-6","2.67e-4","3.72","9.04e-3","2.59e-4","3.01e-7"
"GOTERM_CC_DIRECT","U2-type precatalytic spliceosome","0.75%","19","2509","60","29722","1.30e-6","3.85e-5","3.75","1.42e-3","3.41e-5","2.60e-7"
"GOTERM_BP_DIRECT","endoplasmic reticulum unfolded protein response","0.75%","19","2485","54","29712","1.93e-7","4.23e-5","4.21","1.18e-3","4.09e-5","3.29e-8"
"GOTERM_BP_DIRECT","RNA polymerase II preinitiation complex assembly","0.75%","19","2485","49","29712","3.46e-8","8.83e-6","4.64","2.12e-4","8.55e-6","5.08e-9"
"UP_KW_MOLECULAR_FUNCTION","Translocase","0.71%","18","1476","103","12454","9.76e-2","2.91e-1","1.47","1.00e+0","2.19e-1","5.81e-2"
"GOTERM_BP_DIRECT","protein catabolic process","0.71%","18","2485","143","29712","8.89e-2","7.02e-1","1.51","1.00e+0","6.80e-1","5.29e-2"
"UP_KW_DOMAIN","SH2 domain","0.71%","18","1658","108","14896","8.85e-2","3.02e-1","1.50","9.43e-1","2.54e-1","5.20e-2"
"KEGG_PATHWAY","AGE-RAGE signaling pathway in diabetic complications","0.71%","18","1084","101","9565","6.06e-2","3.07e-1","1.57","1.00e+0","2.76e-1","3.38e-2"
"GOTERM_MF_DIRECT","SH3 domain binding","0.71%","18","2457","130","28924","4.89e-2","3.78e-1","1.63","1.00e+0","3.53e-1","2.68e-2"
"GOTERM_BP_DIRECT","locomotory behavior","0.71%","18","2485","131","29712","4.61e-2","4.96e-1","1.64","1.00e+0","4.81e-1","2.51e-2"
"GOTERM_BP_DIRECT","neuron apoptotic process","0.71%","18","2485","129","29712","4.07e-2","4.59e-1","1.67","1.00e+0","4.45e-1","2.18e-2"
"KEGG_PATHWAY","Phosphatidylinositol signaling system","0.71%","18","1084","96","9565","4.02e-2","2.32e-1","1.65","1.00e+0","2.08e-1","2.12e-2"
"GOTERM_MF_DIRECT","phospholipid binding","0.71%","18","2457","125","28924","3.56e-2","3.03e-1","1.70","1.00e+0","2.83e-1","1.87e-2"
"GOTERM_BP_DIRECT","cellular response to tumor necrosis factor","0.71%","18","2485","124","29712","2.93e-2","3.86e-1","1.74","1.00e+0","3.74e-1","1.50e-2"
"GOTERM_MF_DIRECT","protein phosphatase binding","0.71%","18","2457","119","28924","2.34e-2","2.21e-1","1.78","1.00e+0","2.07e-1","1.17e-2"
"KEGG_PATHWAY","Rheumatoid arthritis","0.71%","18","1084","87","9565","1.67e-2","1.33e-1","1.83","9.97e-1","1.19e-1","7.90e-3"
"UP_SEQ_FEATURE","ACT_SITE:Phosphocysteine intermediate","0.71%","18","2463","86","22253","1.23e-2","8.92e-1","1.89","1.00e+0","8.88e-1","5.59e-3"
"KEGG_PATHWAY","Nucleotide metabolism","0.71%","18","1084","84","9565","1.19e-2","1.02e-1","1.89","9.85e-1","9.14e-2","5.41e-3"
"KEGG_PATHWAY","ErbB signaling pathway","0.71%","18","1084","84","9565","1.19e-2","1.02e-1","1.89","9.85e-1","9.14e-2","5.41e-3"
"GOTERM_BP_DIRECT","T cell receptor signaling pathway","0.71%","18","2485","110","29712","9.82e-3","1.91e-1","1.96","1.00e+0","1.85e-1","4.42e-3"
"GOTERM_BP_DIRECT","double-strand break repair via homologous recombination","0.71%","18","2485","97","29712","2.69e-3","8.18e-2","2.22","1.00e+0","7.92e-2","1.05e-3"
"GOTERM_BP_DIRECT","response to toxic substance","0.71%","18","2485","92","29712","1.49e-3","5.50e-2","2.34","1.00e+0","5.33e-2","5.48e-4"
"UP_KW_BIOLOGICAL_PROCESS","Growth regulation","0.71%","18","1528","59","11473","1.32e-3","1.40e-2","2.29","1.89e-1","1.27e-2","4.55e-4"
"GOTERM_BP_DIRECT","ribosomal small subunit biogenesis","0.71%","18","2485","90","29712","1.16e-3","4.67e-2","2.39","9.99e-1","4.53e-2","4.15e-4"
"GOTERM_BP_DIRECT","autophagosome assembly","0.71%","18","2485","85","29712","5.91e-4","2.94e-2","2.53","9.73e-1","2.85e-2","1.97e-4"
"GOTERM_MF_DIRECT","promoter-specific chromatin binding","0.71%","18","2457","83","28924","5.28e-4","1.10e-2","2.55","6.62e-1","1.02e-2","1.74e-4"
"GOTERM_BP_DIRECT","retrograde transport, endosome to Golgi","0.71%","18","2485","77","29712","1.72e-4","1.23e-2","2.80","6.52e-1","1.19e-2","5.10e-5"
"GOTERM_BP_DIRECT","protein dephosphorylation","0.71%","18","2485","74","29712","1.02e-4","7.94e-3","2.91","4.66e-1","7.69e-3","2.88e-5"
"UP_SEQ_FEATURE","REGION:Basic motif","0.71%","18","2463","57","22253","9.55e-5","2.66e-2","2.85","3.97e-1","2.65e-2","2.57e-5"
"GOTERM_BP_DIRECT","negative regulation of DNA-binding transcription factor activity","0.71%","18","2485","73","29712","8.55e-5","6.93e-3","2.95","4.08e-1","6.71e-3","2.37e-5"
"UP_SEQ_FEATURE","TRANSMEM:Helical; Name=9","0.67%","17","2463","100","22253","8.30e-2","1.00e+0","1.54","1.00e+0","9.95e-1","4.74e-2"
"GOTERM_BP_DIRECT","Notch signaling pathway","0.67%","17","2485","131","29712","8.04e-2","6.67e-1","1.55","1.00e+0","6.46e-1","4.62e-2"
"GOTERM_CC_DIRECT","endoplasmic reticulum lumen","0.67%","17","2509","121","29722","4.81e-2","2.72e-1","1.66","1.00e+0","2.41e-1","2.57e-2"
"GOTERM_BP_DIRECT","regulation of protein stability","0.67%","17","2485","120","29712","4.21e-2","4.72e-1","1.69","1.00e+0","4.57e-1","2.21e-2"
"UP_SEQ_FEATURE","REPEAT:TPR 4","0.67%","17","2463","90","22253","3.73e-2","1.00e+0","1.71","1.00e+0","9.95e-1","1.90e-2"
"KEGG_PATHWAY","Polycomb repressive complex","0.67%","17","1084","87","9565","3.36e-2","2.18e-1","1.72","1.00e+0","1.95e-1","1.69e-2"
"GOTERM_MF_DIRECT","single-stranded DNA binding","0.67%","17","2457","111","28924","2.53e-2","2.34e-1","1.80","1.00e+0","2.18e-1","1.24e-2"
"GOTERM_BP_DIRECT","retina development in camera-type eye","0.67%","17","2485","109","29712","1.90e-2","2.88e-1","1.86","1.00e+0","2.79e-1","9.02e-3"
"GOTERM_BP_DIRECT","response to virus","0.67%","17","2485","109","29712","1.90e-2","2.88e-1","1.86","1.00e+0","2.79e-1","9.02e-3"
"GOTERM_BP_DIRECT","hematopoietic progenitor cell differentiation","0.67%","17","2485","109","29712","1.90e-2","2.88e-1","1.86","1.00e+0","2.79e-1","9.02e-3"
"GOTERM_CC_DIRECT","ruffle membrane","0.67%","17","2509","104","29722","1.36e-2","1.07e-1","1.94","1.00e+0","9.52e-2","6.17e-3"
"INTERPRO","Znf_PHD-finger","0.67%","17","2526","78","22271","1.31e-2","1.00e+0","1.92","1.00e+0","9.99e-1","5.82e-3"
"UP_SEQ_FEATURE","MOTIF:Nuclear export signal","0.67%","17","2463","79","22253","1.19e-2","8.75e-1","1.94","1.00e+0","8.71e-1","5.21e-3"
"GOTERM_BP_DIRECT","DNA replication","0.67%","17","2485","103","29712","1.15e-2","2.05e-1","1.97","1.00e+0","1.99e-1","5.10e-3"
"KEGG_PATHWAY","Chronic myeloid leukemia","0.67%","17","1084","76","9565","9.96e-3","1.02e-1","1.97","9.70e-1","9.14e-2","4.28e-3"
"GOTERM_CC_DIRECT","recycling endosome membrane","0.67%","17","2509","99","29722","8.60e-3","7.73e-2","2.03","1.00e+0","6.86e-2","3.70e-3"
"GOTERM_CC_DIRECT","caveola","0.67%","17","2509","97","29722","7.07e-3","6.63e-2","2.08","1.00e+0","5.88e-2","2.97e-3"
"KEGG_PATHWAY","RIG-I-like receptor signaling pathway","0.67%","17","1084","73","9565","6.70e-3","9.26e-2","2.05","9.05e-1","8.31e-2","2.74e-3"
"GOTERM_BP_DIRECT","myelination","0.67%","17","2485","94","29712","4.75e-3","1.19e-1","2.16","1.00e+0","1.15e-1","1.91e-3"
"GOTERM_CC_DIRECT","endoplasmic reticulum-Golgi intermediate compartment","0.67%","17","2509","93","29722","4.67e-3","4.74e-2","2.17","9.94e-1","4.21e-2","1.87e-3"
"GOTERM_BP_DIRECT","positive regulation of inflammatory response","0.67%","17","2485","90","29712","3.05e-3","8.81e-2","2.26","1.00e+0","8.53e-2","1.17e-3"
"GOTERM_MF_DIRECT","GDP binding","0.67%","17","2457","83","28924","1.50e-3","2.39e-2","2.41","9.54e-1","2.23e-2","5.31e-4"
"KEGG_PATHWAY","Notch signaling pathway","0.67%","17","1084","63","9565","1.37e-3","4.36e-2","2.38","3.82e-1","3.91e-2","4.68e-4"
"GOTERM_BP_DIRECT","positive regulation of autophagy","0.67%","17","2485","80","29712","8.46e-4","3.75e-2","2.54","9.94e-1","3.64e-2","2.81e-4"
"GOTERM_BP_DIRECT","phagocytosis","0.67%","17","2485","80","29712","8.46e-4","3.75e-2","2.54","9.94e-1","3.64e-2","2.81e-4"
"GOTERM_BP_DIRECT","positive regulation of non-canonical NF-kappaB signal transduction","0.67%","17","2485","72","29712","2.44e-4","1.57e-2","2.82","7.76e-1","1.53e-2","7.14e-5"
"GOTERM_BP_DIRECT","circadian regulation of gene expression","0.67%","17","2485","72","29712","2.44e-4","1.57e-2","2.82","7.76e-1","1.53e-2","7.14e-5"
"KEGG_PATHWAY","N-Glycan biosynthesis","0.67%","17","1084","54","9565","2.11e-4","1.85e-2","2.78","7.12e-2","1.66e-2","5.85e-5"
"GOTERM_MF_DIRECT","RNA helicase activity","0.67%","17","2457","70","28924","2.06e-4","4.46e-3","2.86","3.45e-1","4.16e-3","5.92e-5"
"GOTERM_CC_DIRECT","transcription repressor complex","0.67%","17","2509","65","29722","7.52e-5","1.50e-3","3.10","7.92e-2","1.33e-3","1.95e-5"
"GOTERM_BP_DIRECT","endocytic recycling","0.67%","17","2485","63","29712","4.47e-5","4.08e-3","3.23","2.39e-1","3.95e-3","1.10e-5"
"GOTERM_BP_DIRECT","regulation of cell growth","0.67%","17","2485","58","29712","1.46e-5","1.75e-3","3.50","8.53e-2","1.69e-3","3.21e-6"
"GOTERM_BP_DIRECT","cellular response to amino acid starvation","0.67%","17","2485","51","29712","2.29e-6","3.81e-4","3.99","1.39e-2","3.69e-4","4.23e-7"
"GOTERM_BP_DIRECT","transcription initiation-coupled chromatin remodeling","0.67%","17","2485","47","29712","6.63e-7","1.31e-4","4.32","4.05e-3","1.27e-4","1.09e-7"
"GOTERM_MF_DIRECT","PDZ domain binding","0.63%","16","2457","123","28924","9.85e-2","5.83e-1","1.53","1.00e+0","5.44e-1","5.72e-2"
"UP_KW_BIOLOGICAL_PROCESS","Translocation","0.63%","16","1528","78","11473","8.86e-2","4.69e-1","1.54","1.00e+0","4.28e-1","4.96e-2"
"GOTERM_MF_DIRECT","methylated histone binding","0.63%","16","2457","120","28924","8.38e-2","5.34e-1","1.57","1.00e+0","4.99e-1","4.75e-2"
"UP_SEQ_FEATURE","MOTIF:Effector region","0.63%","16","2463","92","22253","8.02e-2","1.00e+0","1.57","1.00e+0","9.95e-1","4.46e-2"
"GOTERM_MF_DIRECT","histone H3Y41 kinase activity","0.63%","16","2457","116","28924","6.66e-2","4.55e-1","1.62","1.00e+0","4.25e-1","3.64e-2"
"GOTERM_MF_DIRECT","histone H2AXY142 kinase activity","0.63%","16","2457","116","28924","6.66e-2","4.55e-1","1.62","1.00e+0","4.25e-1","3.64e-2"
"INTERPRO","Tyr_Pase_dom","0.63%","16","2526","87","22271","6.41e-2","1.00e+0","1.62","1.00e+0","9.99e-1","3.44e-2"
"UP_SEQ_FEATURE","REPEAT:ANK 6","0.63%","16","2463","89","22253","6.36e-2","1.00e+0","1.62","1.00e+0","9.95e-1","3.41e-2"
"GOTERM_BP_DIRECT","positive regulation of canonical Wnt signaling pathway","0.63%","16","2485","116","29712","5.98e-2","5.66e-1","1.65","1.00e+0","5.49e-1","3.22e-2"
"GOTERM_BP_DIRECT","exocytosis","0.63%","16","2485","116","29712","5.98e-2","5.66e-1","1.65","1.00e+0","5.49e-1","3.22e-2"
"GOTERM_BP_DIRECT","central nervous system development","0.63%","16","2485","112","29712","4.64e-2","4.98e-1","1.71","1.00e+0","4.82e-1","2.41e-2"
"KEGG_PATHWAY","Cytosolic DNA-sensing pathway","0.63%","16","1084","82","9565","4.04e-2","2.32e-1","1.72","1.00e+0","2.08e-1","2.03e-2"
"INTERPRO","HAD-like_sf","0.63%","16","2526","81","22271","3.75e-2","1.00e+0","1.74","1.00e+0","9.99e-1","1.86e-2"
"GOTERM_BP_DIRECT","chemotaxis","0.63%","16","2485","105","29712","2.82e-2","3.75e-1","1.82","1.00e+0","3.63e-1","1.37e-2"
"INTERPRO","HAD_sf","0.63%","16","2526","78","22271","2.77e-2","1.00e+0","1.81","1.00e+0","9.99e-1","1.32e-2"
"GOTERM_BP_DIRECT","negative regulation of angiogenesis","0.63%","16","2485","104","29712","2.62e-2","3.58e-1","1.84","1.00e+0","3.47e-1","1.26e-2"
"GOTERM_BP_DIRECT","negative regulation of protein phosphorylation","0.63%","16","2485","103","29712","2.42e-2","3.42e-1","1.86","1.00e+0","3.31e-1","1.15e-2"
"INTERPRO","Tyr_Pase_AS","0.63%","16","2526","74","22271","1.77e-2","1.00e+0","1.91","1.00e+0","9.99e-1","7.93e-3"
"GOTERM_BP_DIRECT","regulation of inflammatory response","0.63%","16","2485","97","29712","1.46e-2","2.43e-1","1.97","1.00e+0","2.36e-1","6.51e-3"
"GOTERM_BP_DIRECT","epidermal growth factor receptor signaling pathway","0.63%","16","2485","95","29712","1.22e-2","2.16e-1","2.01","1.00e+0","2.10e-1","5.30e-3"
"GOTERM_CC_DIRECT","microtubule organizing center","0.63%","16","2509","92","29722","9.92e-3","8.38e-2","2.06","1.00e+0","7.43e-2","4.20e-3"
"UP_SEQ_FEATURE","TRANSMEM:Helical; Anchor for type IV membrane protein","0.63%","16","2463","70","22253","8.68e-3","7.97e-1","2.07","1.00e+0","7.93e-1","3.54e-3"
"GOTERM_CC_DIRECT","filopodium","0.63%","16","2509","90","29722","8.12e-3","7.43e-2","2.11","1.00e+0","6.59e-2","3.35e-3"
"UP_SEQ_FEATURE","CROSSLNK:Glycyl lysine isopeptide (Lys-Gly) (interchain with G-Cter in SUMO1)","0.63%","16","2463","69","22253","7.58e-3","7.65e-1","2.10","1.00e+0","7.61e-1","3.04e-3"
"GOTERM_BP_DIRECT","blood vessel development","0.63%","16","2485","81","29712","2.70e-3","8.18e-2","2.36","1.00e+0","7.92e-2","9.78e-4"
"GOTERM_BP_DIRECT","cellular response to hydrogen peroxide","0.63%","16","2485","80","29712","2.38e-3","7.79e-2","2.39","1.00e+0","7.55e-2","8.49e-4"
"GOTERM_BP_DIRECT","cellular response to transforming growth factor beta stimulus","0.63%","16","2485","80","29712","2.38e-3","7.79e-2","2.39","1.00e+0","7.55e-2","8.49e-4"
"GOTERM_MF_DIRECT","signaling adaptor activity","0.63%","16","2457","76","28924","1.63e-3","2.55e-2","2.48","9.65e-1","2.38e-2","5.56e-4"
"GOTERM_BP_DIRECT","double-strand break repair","0.63%","16","2485","77","29712","1.60e-3","5.81e-2","2.48","1.00e+0","5.62e-2","5.47e-4"
"GOTERM_MF_DIRECT","methyltransferase activity","0.63%","16","2457","71","28924","7.84e-4","1.52e-2","2.65","8.00e-1","1.42e-2","2.47e-4"
"GOTERM_BP_DIRECT","DNA recombination","0.63%","16","2485","72","29712","7.79e-4","3.54e-2","2.66","9.92e-1","3.43e-2","2.45e-4"
"UP_KW_MOLECULAR_FUNCTION","Exonuclease","0.63%","16","1476","51","12454","5.92e-4","6.12e-3","2.65","5.36e-2","4.61e-3","1.73e-4"
"GOTERM_MF_DIRECT","manganese ion binding","0.63%","16","2457","69","28924","5.71e-4","1.17e-2","2.73","6.90e-1","1.09e-2","1.73e-4"
"GOTERM_BP_DIRECT","antiviral innate immune response","0.63%","16","2485","70","29712","5.70e-4","2.91e-2","2.73","9.70e-1","2.82e-2","1.73e-4"
"GOTERM_BP_DIRECT","positive regulation of interleukin-1 beta production","0.63%","16","2485","68","29712","4.11e-4","2.28e-2","2.81","9.19e-1","2.21e-2","1.21e-4"
"GOTERM_BP_DIRECT","telomere maintenance","0.63%","16","2485","64","29712","2.03e-4","1.38e-2","2.99","7.12e-1","1.34e-2","5.52e-5"
"GOTERM_BP_DIRECT","response to UV","0.63%","16","2485","54","29712","2.45e-5","2.50e-3","3.54","1.39e-1","2.42e-3","5.32e-6"
"GOTERM_BP_DIRECT","lysosome organization","0.63%","16","2485","54","29712","2.45e-5","2.50e-3","3.54","1.39e-1","2.42e-3","5.32e-6"
"GOTERM_BP_DIRECT","regulation of embryonic development","0.63%","16","2485","46","29712","2.75e-6","4.10e-4","4.16","1.67e-2","3.97e-4","4.77e-7"
"GOTERM_MF_DIRECT","endopeptidase activity","0.59%","15","2457","113","28924","9.77e-2","5.80e-1","1.56","1.00e+0","5.41e-1","5.54e-2"
"UP_SEQ_FEATURE","TRANSMEM:Helical; Name=11","0.59%","15","2463","85","22253","8.31e-2","1.00e+0","1.59","1.00e+0","9.95e-1","4.54e-2"
"GOTERM_CC_DIRECT","intracellular anatomical structure","0.59%","15","2509","110","29722","7.93e-2","3.74e-1","1.62","1.00e+0","3.32e-1","4.35e-2"
"GOTERM_CC_DIRECT","extracellular exosome","0.59%","15","2509","109","29722","7.47e-2","3.54e-1","1.63","1.00e+0","3.14e-1","4.06e-2"
"GOTERM_BP_DIRECT","positive regulation of GTPase activity","0.59%","15","2485","109","29712","7.04e-2","6.28e-1","1.65","1.00e+0","6.08e-1","3.79e-2"
"GOTERM_BP_DIRECT","chromosome segregation","0.59%","15","2485","106","29712","5.83e-2","5.60e-1","1.69","1.00e+0","5.42e-1","3.05e-2"
"GOTERM_CC_DIRECT","stress fiber","0.59%","15","2509","104","29722","5.45e-2","2.92e-1","1.71","1.00e+0","2.59e-1","2.82e-2"
"GOTERM_BP_DIRECT","negative regulation of translation","0.59%","15","2485","103","29712","4.78e-2","5.08e-1","1.74","1.00e+0","4.92e-1","2.43e-2"
"GOTERM_CC_DIRECT","melanosome","0.59%","15","2509","100","29722","4.12e-2","2.49e-1","1.78","1.00e+0","2.21e-1","2.05e-2"
"GOTERM_BP_DIRECT","protein processing","0.59%","15","2485","100","29712","3.86e-2","4.51e-1","1.79","1.00e+0","4.36e-1","1.90e-2"
"UP_SEQ_FEATURE","ACT_SITE:Glycyl thioester intermediate","0.59%","15","2463","76","22253","3.79e-2","1.00e+0","1.78","1.00e+0","9.95e-1","1.83e-2"
"UP_SEQ_FEATURE","DOMAIN:PHD-type","0.59%","15","2463","76","22253","3.79e-2","1.00e+0","1.78","1.00e+0","9.95e-1","1.83e-2"
"INTERPRO","MFS","0.59%","15","2526","70","22271","2.40e-2","1.00e+0","1.89","1.00e+0","9.99e-1","1.08e-2"
"GOTERM_MF_DIRECT","scaffold protein binding","0.59%","15","2457","92","28924","2.30e-2","2.19e-1","1.92","1.00e+0","2.05e-1","1.05e-2"
"UP_SEQ_FEATURE","REPEAT:TPR 5","0.59%","15","2463","70","22253","1.98e-2","1.00e+0","1.94","1.00e+0","9.95e-1","8.71e-3"
"SMART","C1","0.59%","15","1284","65","10943","1.68e-2","7.60e-1","1.97","1.00e+0","7.59e-1","7.20e-3"
"INTERPRO","PE/DAG-bd","0.59%","15","2526","67","22271","1.67e-2","1.00e+0","1.97","1.00e+0","9.99e-1","7.16e-3"
"GOTERM_BP_DIRECT","positive regulation of translation","0.59%","15","2485","87","29712","1.29e-2","2.25e-1","2.06","1.00e+0","2.18e-1","5.46e-3"
"GOTERM_BP_DIRECT","phosphatidylinositol 3-kinase/protein kinase B signal transduction","0.59%","15","2485","86","29712","1.17e-2","2.09e-1","2.09","1.00e+0","2.02e-1","4.89e-3"
"GOTERM_BP_DIRECT","nucleosome assembly","0.59%","15","2485","85","29712","1.06e-2","1.95e-1","2.11","1.00e+0","1.89e-1","4.36e-3"
"GOTERM_MF_DIRECT","ribosome binding","0.59%","15","2457","83","28924","9.81e-3","1.14e-1","2.13","1.00e+0","1.06e-1","4.00e-3"
"INTERPRO","C1-like_sf","0.59%","15","2526","63","22271","9.80e-3","1.00e+0","2.10","1.00e+0","9.99e-1","3.90e-3"
"GOTERM_BP_DIRECT","positive regulation of protein catabolic process","0.59%","15","2485","84","29712","9.56e-3","1.89e-1","2.14","1.00e+0","1.83e-1","3.89e-3"
"KEGG_PATHWAY","Viral life cycle - HIV-1","0.59%","15","1084","63","9565","9.56e-3","1.02e-1","2.10","9.65e-1","9.11e-2","3.80e-3"
"GOTERM_BP_DIRECT","response to glucose","0.59%","15","2485","83","29712","8.61e-3","1.78e-1","2.16","1.00e+0","1.73e-1","3.45e-3"
"GOTERM_CC_DIRECT","autophagosome","0.59%","15","2509","80","29722","6.72e-3","6.36e-2","2.22","9.99e-1","5.65e-2","2.61e-3"
"KEGG_PATHWAY","Nucleotide excision repair","0.59%","15","1084","58","9565","4.43e-3","6.74e-2","2.28","7.89e-1","6.05e-2","1.59e-3"
"GOTERM_BP_DIRECT","negative regulation of NF-kappaB transcription factor activity","0.59%","15","2485","77","29712","4.37e-3","1.13e-1","2.33","1.00e+0","1.09e-1","1.61e-3"
"GOTERM_BP_DIRECT","learning","0.59%","15","2485","76","29712","3.87e-3","1.05e-1","2.36","1.00e+0","1.02e-1","1.40e-3"
"GOTERM_BP_DIRECT","Ras protein signal transduction","0.59%","15","2485","70","29712","1.74e-3","6.17e-2","2.56","1.00e+0","5.97e-2","5.73e-4"
"GOTERM_BP_DIRECT","positive regulation of protein binding","0.59%","15","2485","66","29712","9.56e-4","4.00e-2","2.72","9.97e-1","3.87e-2","2.93e-4"
"GOTERM_BP_DIRECT","positive regulation of interleukin-8 production","0.59%","15","2485","61","29712","4.13e-4","2.28e-2","2.94","9.20e-1","2.21e-2","1.15e-4"
"GOTERM_BP_DIRECT","RNA processing","0.59%","15","2485","57","29712","1.94e-4","1.35e-2","3.15","6.95e-1","1.31e-2","4.93e-5"
"UP_SEQ_FEATURE","DOMAIN:BZIP","0.59%","15","2463","44","22253","1.82e-4","4.19e-2","3.08","6.18e-1","4.17e-2","4.40e-5"
"GOTERM_CC_DIRECT","autophagosome membrane","0.59%","15","2509","56","29722","1.74e-4","3.19e-3","3.17","1.74e-1","2.83e-3","4.38e-5"
"GOTERM_BP_DIRECT","response to unfolded protein","0.59%","15","2485","56","29712","1.58e-4","1.15e-2","3.20","6.20e-1","1.12e-2","3.93e-5"
"GOTERM_BP_DIRECT","tRNA processing","0.59%","15","2485","44","29712","8.13e-6","1.04e-3","4.08","4.86e-2","1.01e-3","1.46e-6"
"GOTERM_CC_DIRECT","mediator complex","0.59%","15","2509","40","29722","2.52e-6","6.60e-5","4.44","2.77e-3","5.85e-5","3.96e-7"
"GOTERM_BP_DIRECT","regulation of actin cytoskeleton organization","0.55%","14","2485","104","29712","9.33e-2","7.25e-1","1.61","1.00e+0","7.02e-1","5.13e-2"
"KEGG_PATHWAY","Bacterial invasion of epithelial cells","0.55%","14","1084","77","9565","9.08e-2","3.70e-1","1.60","1.00e+0","3.32e-1","4.91e-2"
"KEGG_PATHWAY","Synaptic vesicle cycle","0.55%","14","1084","77","9565","9.08e-2","3.70e-1","1.60","1.00e+0","3.32e-1","4.91e-2"
"GOTERM_BP_DIRECT","cell chemotaxis","0.55%","14","2485","101","29712","7.81e-2","6.67e-1","1.66","1.00e+0","6.46e-1","4.16e-2"
"KEGG_PATHWAY","Glioma","0.55%","14","1084","75","9565","7.70e-2","3.42e-1","1.65","1.00e+0","3.07e-1","4.04e-2"
"GOTERM_BP_DIRECT","cerebral cortex development","0.55%","14","2485","100","29712","7.34e-2","6.34e-1","1.67","1.00e+0","6.14e-1","3.87e-2"
"INTERPRO","DEAD/DEAH_box_helicase_dom","0.55%","14","2526","73","22271","6.55e-2","1.00e+0","1.69","1.00e+0","9.99e-1","3.34e-2"
"GOTERM_MF_DIRECT","cis-regulatory region sequence-specific DNA binding","0.55%","14","2457","96","28924","6.23e-2","4.31e-1","1.72","1.00e+0","4.02e-1","3.20e-2"
"GOTERM_BP_DIRECT","negative regulation of transforming growth factor beta receptor signaling pathway","0.55%","14","2485","97","29712","6.04e-2","5.69e-1","1.73","1.00e+0","5.51e-1","3.09e-2"
"UP_KW_CELLULAR_COMPONENT","Lipid droplet","0.55%","14","2244","66","18649","4.87e-2","1.95e-1","1.76","9.26e-1","1.61e-1","2.36e-2"
"KEGG_PATHWAY","Renal cell carcinoma","0.55%","14","1084","70","9565","4.86e-2","2.58e-1","1.76","1.00e+0","2.31e-1","2.36e-2"
"GOTERM_MF_DIRECT","unfolded protein binding","0.55%","14","2457","92","28924","4.69e-2","3.68e-1","1.79","1.00e+0","3.43e-1","2.31e-2"
"UP_SEQ_FEATURE","DOMAIN:Tyrosine specific protein phosphatases","0.55%","14","2463","69","22253","3.77e-2","1.00e+0","1.83","1.00e+0","9.95e-1","1.76e-2"
"GOTERM_MF_DIRECT","histone H2AXY142 phosphatase activity","0.55%","14","2457","89","28924","3.73e-2","3.11e-1","1.85","1.00e+0","2.91e-1","1.77e-2"
"GOTERM_MF_DIRECT","non-membrane spanning protein tyrosine phosphatase activity","0.55%","14","2457","89","28924","3.73e-2","3.11e-1","1.85","1.00e+0","2.91e-1","1.77e-2"
"GOTERM_MF_DIRECT","protein tyrosine phosphatase activity, metal-dependent","0.55%","14","2457","89","28924","3.73e-2","3.11e-1","1.85","1.00e+0","2.91e-1","1.77e-2"
"UP_SEQ_FEATURE","REPEAT:TPR 6","0.55%","14","2463","66","22253","2.72e-2","1.00e+0","1.92","1.00e+0","9.95e-1","1.21e-2"
"INTERPRO","Zinc_finger_PHD-type_CS","0.55%","14","2526","61","22271","1.77e-2","1.00e+0","2.02","1.00e+0","9.99e-1","7.34e-3"
"GOTERM_MF_DIRECT","SNARE binding","0.55%","14","2457","77","28924","1.25e-2","1.36e-1","2.14","1.00e+0","1.27e-1","5.03e-3"
"GOTERM_BP_DIRECT","somatic stem cell population maintenance","0.55%","14","2485","78","29712","1.23e-2","2.17e-1","2.15","1.00e+0","2.10e-1","4.94e-3"
"GOTERM_BP_DIRECT","mRNA transport","0.55%","14","2485","77","29712","1.10e-2","1.99e-1","2.17","1.00e+0","1.93e-1","4.39e-3"
"GOTERM_CC_DIRECT","clathrin-coated vesicle","0.55%","14","2509","76","29722","1.07e-2","8.76e-2","2.18","1.00e+0","7.77e-2","4.22e-3"
"GOTERM_BP_DIRECT","negative regulation of phosphatidylinositol 3-kinase/protein kinase B signal transduction","0.55%","14","2485","74","29712","7.93e-3","1.70e-1","2.26","1.00e+0","1.64e-1","3.01e-3"
"UP_KW_MOLECULAR_FUNCTION","Initiation factor","0.55%","14","1476","53","12454","7.61e-3","3.93e-2","2.23","5.09e-1","2.96e-2","2.79e-3"
"GOTERM_BP_DIRECT","protein autoubiquitination","0.55%","14","2485","73","29712","7.06e-3","1.55e-1","2.29","1.00e+0","1.50e-1","2.64e-3"
"GOTERM_CC_DIRECT","nuclear pore","0.55%","14","2509","70","29722","5.30e-3","5.24e-2","2.37","9.97e-1","4.65e-2","1.91e-3"
"GOTERM_MF_DIRECT","translation initiation factor activity","0.55%","14","2457","68","28924","4.32e-3","6.00e-2","2.42","1.00e+0","5.60e-2","1.51e-3"
"GOTERM_BP_DIRECT","regulation of circadian rhythm","0.55%","14","2485","68","29712","3.79e-3","1.04e-1","2.46","1.00e+0","1.00e-1","1.30e-3"
"GOTERM_MF_DIRECT","transcription corepressor binding","0.55%","14","2457","67","28924","3.78e-3","5.36e-2","2.46","1.00e+0","5.00e-2","1.30e-3"
"GOTERM_BP_DIRECT","regulation of autophagy","0.55%","14","2485","65","29712","2.51e-3","8.04e-2","2.58","1.00e+0","7.79e-2","8.18e-4"
"GOTERM_CC_DIRECT","cortical actin cytoskeleton","0.55%","14","2509","64","29722","2.35e-3","2.81e-2","2.59","9.25e-1","2.49e-2","7.61e-4"
"GOTERM_BP_DIRECT","negative regulation of protein ubiquitination","0.55%","14","2485","61","29712","1.37e-3","5.21e-2","2.74","1.00e+0","5.05e-2","4.14e-4"
"GOTERM_CC_DIRECT","peroxisomal membrane","0.55%","14","2509","60","29722","1.27e-3","1.74e-2","2.76","7.52e-1","1.55e-2","3.80e-4"
"UP_SEQ_FEATURE","MOTIF:Bipartite nuclear localization signal","0.55%","14","2463","46","22253","1.09e-3","1.80e-1","2.75","9.97e-1","1.79e-1","3.08e-4"
"GOTERM_BP_DIRECT","positive regulation of TORC1 signaling","0.55%","14","2485","57","29712","6.99e-4","3.35e-2","2.94","9.86e-1","3.24e-2","1.94e-4"
"GOTERM_BP_DIRECT","regulation of mitotic cell cycle","0.55%","14","2485","53","29712","3.29e-4","1.96e-2","3.16","8.67e-1","1.90e-2","8.34e-5"
"GOTERM_BP_DIRECT","response to ionizing radiation","0.55%","14","2485","52","29712","2.69e-4","1.66e-2","3.22","8.07e-1","1.61e-2","6.65e-5"
"GOTERM_BP_DIRECT","positive regulation of DNA repair","0.55%","14","2485","52","29712","2.69e-4","1.66e-2","3.22","8.07e-1","1.61e-2","6.65e-5"
"GOTERM_MF_DIRECT","transcription coregulator binding","0.55%","14","2457","49","28924","1.65e-4","3.67e-3","3.36","2.87e-1","3.43e-3","3.83e-5"
"GOTERM_BP_DIRECT","negative regulation of cold-induced thermogenesis","0.55%","14","2485","48","29712","1.12e-4","8.47e-3","3.49","4.97e-1","8.21e-3","2.49e-5"
"GOTERM_MF_DIRECT","calcium-dependent protein binding","0.51%","13","2457","93","28924","9.47e-2","5.72e-1","1.65","1.00e+0","5.34e-1","5.06e-2"
"KEGG_PATHWAY","Acute myeloid leukemia","0.51%","13","1084","70","9565","9.28e-2","3.73e-1","1.64","1.00e+0","3.35e-1","4.89e-2"
"INTERPRO","Znf_B-box","0.51%","13","2526","69","22271","8.63e-2","1.00e+0","1.66","1.00e+0","9.99e-1","4.48e-2"
"GOTERM_CC_DIRECT","male germ cell nucleus","0.51%","13","2509","92","29722","8.59e-2","3.91e-1","1.67","1.00e+0","3.47e-1","4.52e-2"
"SMART","RhoGAP","0.51%","13","1284","65","10943","7.29e-2","1.00e+0","1.70","1.00e+0","1.00e+0","3.67e-2"
"GOTERM_CC_DIRECT","cytoplasmic ribonucleoprotein granule","0.51%","13","2509","89","29722","7.05e-2","3.40e-1","1.73","1.00e+0","3.01e-1","3.58e-2"
"GOTERM_BP_DIRECT","cellular response to xenobiotic stimulus","0.51%","13","2485","89","29712","6.67e-2","6.15e-1","1.75","1.00e+0","5.96e-1","3.36e-2"
"INTERPRO","RhoGAP_dom","0.51%","13","2526","66","22271","6.58e-2","1.00e+0","1.74","1.00e+0","9.99e-1","3.25e-2"
"UP_SEQ_FEATURE","DOMAIN:Rho-GAP","0.51%","13","2463","67","22253","6.23e-2","1.00e+0","1.75","1.00e+0","9.95e-1","3.05e-2"
"GOTERM_BP_DIRECT","negative regulation of ERK1 and ERK2 cascade","0.51%","13","2485","86","29712","5.39e-2","5.52e-1","1.81","1.00e+0","5.35e-1","2.62e-2"
"SMART","BBOX","0.51%","13","1284","61","10943","4.85e-2","1.00e+0","1.82","1.00e+0","1.00e+0","2.27e-2"
"GOTERM_BP_DIRECT","heterochromatin formation","0.51%","13","2485","84","29712","4.63e-2","4.98e-1","1.85","1.00e+0","4.82e-1","2.20e-2"
"INTERPRO","USP_dom","0.51%","13","2526","59","22271","3.11e-2","1.00e+0","1.94","1.00e+0","9.99e-1","1.35e-2"
"GOTERM_BP_DIRECT","positive regulation of proteasomal ubiquitin-dependent protein catabolic process","0.51%","13","2485","78","29712","2.81e-2","3.74e-1","1.99","1.00e+0","3.63e-1","1.23e-2"
"UP_SEQ_FEATURE","DOMAIN:USP","0.51%","13","2463","59","22253","2.63e-2","1.00e+0","1.99","1.00e+0","9.95e-1","1.11e-2"
"GOTERM_MF_DIRECT","metallopeptidase activity","0.51%","13","2457","76","28924","2.60e-2","2.34e-1","2.01","1.00e+0","2.19e-1","1.12e-2"
"GOTERM_BP_DIRECT","positive regulation of fibroblast proliferation","0.51%","13","2485","77","29712","2.57e-2","3.54e-1","2.02","1.00e+0","3.43e-1","1.11e-2"
"INTERPRO","Peptidase_C19_UCH","0.51%","13","2526","57","22271","2.42e-2","1.00e+0","2.01","1.00e+0","9.99e-1","1.01e-2"
"GOTERM_CC_DIRECT","cell leading edge","0.51%","13","2509","75","29722","2.27e-2","1.62e-1","2.05","1.00e+0","1.43e-1","9.59e-3"
"KEGG_PATHWAY","Pyrimidine metabolism","0.51%","13","1084","56","9565","2.09e-2","1.58e-1","2.05","9.99e-1","1.42e-1","8.53e-3"
"GOTERM_MF_DIRECT","receptor tyrosine kinase binding","0.51%","13","2457","72","28924","1.76e-2","1.81e-1","2.13","1.00e+0","1.69e-1","7.15e-3"
"GOTERM_BP_DIRECT","adult locomotory behavior","0.51%","13","2485","73","29712","1.74e-2","2.77e-1","2.13","1.00e+0","2.69e-1","7.08e-3"
"INTERPRO","WW_dom","0.51%","13","2526","52","22271","1.20e-2","1.00e+0","2.20","1.00e+0","9.99e-1","4.48e-3"
"UP_SEQ_FEATURE","DOMAIN:Phorbol-ester/DAG-type","0.51%","13","2463","53","22253","1.16e-2","8.75e-1","2.22","1.00e+0","8.71e-1","4.33e-3"
"GOTERM_BP_DIRECT","neuromuscular process controlling balance","0.51%","13","2485","68","29712","1.01e-2","1.91e-1","2.29","1.00e+0","1.85e-1","3.80e-3"
"GOTERM_BP_DIRECT","mitochondrial respiratory chain complex I assembly","0.51%","13","2485","68","29712","1.01e-2","1.91e-1","2.29","1.00e+0","1.85e-1","3.80e-3"
"SMART","WW","0.51%","13","1284","48","10943","7.99e-3","5.09e-1","2.31","9.87e-1","5.09e-1","2.81e-3"
"GOTERM_BP_DIRECT","regulation of alternative mRNA splicing, via spliceosome","0.51%","13","2485","65","29712","7.07e-3","1.55e-1","2.39","1.00e+0","1.50e-1","2.52e-3"
"GOTERM_BP_DIRECT","epidermis development","0.51%","13","2485","65","29712","7.07e-3","1.55e-1","2.39","1.00e+0","1.50e-1","2.52e-3"
"GOTERM_BP_DIRECT","response to activity","0.51%","13","2485","64","29712","6.22e-3","1.46e-1","2.43","1.00e+0","1.41e-1","2.18e-3"
"GOTERM_BP_DIRECT","nucleocytoplasmic transport","0.51%","13","2485","64","29712","6.22e-3","1.46e-1","2.43","1.00e+0","1.41e-1","2.18e-3"
"GOTERM_MF_DIRECT","syntaxin binding","0.51%","13","2457","62","28924","5.41e-3","6.98e-2","2.47","1.00e+0","6.52e-2","1.85e-3"
"GOTERM_BP_DIRECT","cellular response to glucose starvation","0.51%","13","2485","62","29712","4.78e-3","1.19e-1","2.51","1.00e+0","1.15e-1","1.61e-3"
"GOTERM_BP_DIRECT","cellular response to UV","0.51%","13","2485","60","29712","3.61e-3","9.98e-2","2.59","1.00e+0","9.66e-2","1.17e-3"
"GOTERM_CC_DIRECT","axon cytoplasm","0.51%","13","2509","59","29722","3.37e-3","3.70e-2","2.61","9.75e-1","3.28e-2","1.08e-3"
"GOTERM_BP_DIRECT","regulation of postsynapse assembly","0.51%","13","2485","58","29712","2.69e-3","8.18e-2","2.68","1.00e+0","7.92e-2","8.36e-4"
"GOTERM_BP_DIRECT","intrinsic apoptotic signaling pathway in response to DNA damage","0.51%","13","2485","58","29712","2.69e-3","8.18e-2","2.68","1.00e+0","7.92e-2","8.36e-4"
"GOTERM_BP_DIRECT","skeletal muscle cell differentiation","0.51%","13","2485","57","29712","2.31e-3","7.67e-2","2.73","1.00e+0","7.43e-2","7.02e-4"
"GOTERM_CC_DIRECT","Cajal body","0.51%","13","2509","56","29722","2.13e-3","2.66e-2","2.75","9.04e-1","2.36e-2","6.40e-4"
"GOTERM_CC_DIRECT","proteasome complex","0.51%","13","2509","55","29722","1.81e-3","2.31e-2","2.80","8.63e-1","2.05e-2","5.32e-4"
"GOTERM_BP_DIRECT","establishment of protein localization","0.51%","13","2485","55","29712","1.67e-3","5.99e-2","2.83","1.00e+0","5.80e-2","4.87e-4"
"GOTERM_MF_DIRECT","enzyme activator activity","0.51%","13","2457","54","28924","1.61e-3","2.55e-2","2.83","9.64e-1","2.38e-2","4.67e-4"
"GOTERM_CC_DIRECT","intermediate filament cytoskeleton","0.51%","13","2509","54","29722","1.53e-3","2.00e-2","2.85","8.14e-1","1.77e-2","4.40e-4"
"GOTERM_BP_DIRECT","negative regulation of gene expression, epigenetic","0.51%","13","2485","52","29712","9.93e-4","4.08e-2","2.99","9.98e-1","3.96e-2","2.70e-4"
"GOTERM_BP_DIRECT","chromosome organization","0.51%","13","2485","50","29712","6.83e-4","3.32e-2","3.11","9.85e-1","3.22e-2","1.77e-4"
"GOTERM_BP_DIRECT","mRNA transcription by RNA polymerase II","0.51%","13","2485","49","29712","5.61e-4","2.89e-2","3.17","9.68e-1","2.80e-2","1.41e-4"
"GOTERM_BP_DIRECT","endosome to lysosome transport","0.51%","13","2485","49","29712","5.61e-4","2.89e-2","3.17","9.68e-1","2.80e-2","1.41e-4"
"GOTERM_BP_DIRECT","canonical NF-kappaB signal transduction","0.51%","13","2485","39","29712","5.22e-5","4.58e-3","3.99","2.74e-1","4.43e-3","9.66e-6"
"GOTERM_MF_DIRECT","dioxygenase activity","0.51%","13","2457","32","28924","6.14e-6","3.41e-4","4.78","1.25e-2","3.18e-4","8.61e-7"
"GOTERM_BP_DIRECT","vesicle fusion","0.51%","13","2485","32","29712","5.23e-6","6.97e-4","4.86","3.16e-2","6.75e-4","7.22e-7"
"GOTERM_BP_DIRECT","positive regulation of cytokine production","0.47%","12","2485","85","29712","9.65e-2","7.45e-1","1.69","1.00e+0","7.22e-1","5.02e-2"
"UP_SEQ_FEATURE","REPEAT:ANK 7","0.47%","12","2463","62","22253","7.63e-2","1.00e+0","1.75","1.00e+0","9.95e-1","3.74e-2"
"KEGG_PATHWAY","Legionellosis","0.47%","12","1084","60","9565","7.15e-2","3.29e-1","1.76","1.00e+0","2.95e-1","3.46e-2"
"UP_SEQ_FEATURE","DOMAIN:B box-type","0.47%","12","2463","61","22253","6.94e-2","1.00e+0","1.78","1.00e+0","9.95e-1","3.34e-2"
"GOTERM_BP_DIRECT","visual learning","0.47%","12","2485","80","29712","6.88e-2","6.24e-1","1.79","1.00e+0","6.05e-1","3.36e-2"
"GOTERM_BP_DIRECT","positive regulation of protein ubiquitination","0.47%","12","2485","79","29712","6.39e-2","5.94e-1","1.82","1.00e+0","5.75e-1","3.08e-2"
"GOTERM_BP_DIRECT","positive regulation of endothelial cell proliferation","0.47%","12","2485","79","29712","6.39e-2","5.94e-1","1.82","1.00e+0","5.75e-1","3.08e-2"
"UP_KW_MOLECULAR_FUNCTION","Allosteric enzyme","0.47%","12","1476","55","12454","5.51e-2","1.83e-1","1.84","9.95e-1","1.38e-1","2.53e-2"
"GOTERM_BP_DIRECT","positive regulation of peptidyl-serine phosphorylation","0.47%","12","2485","77","29712","5.49e-2","5.60e-1","1.86","1.00e+0","5.42e-1","2.57e-2"
"GOTERM_BP_DIRECT","response to peptide hormone","0.47%","12","2485","77","29712","5.49e-2","5.60e-1","1.86","1.00e+0","5.42e-1","2.57e-2"
"GOTERM_BP_DIRECT","JNK cascade","0.47%","12","2485","76","29712","5.07e-2","5.34e-1","1.89","1.00e+0","5.17e-1","2.34e-2"
"GOTERM_CC_DIRECT","endocytic vesicle","0.47%","12","2509","73","29722","4.18e-2","2.50e-1","1.95","1.00e+0","2.22e-1","1.87e-2"
"GOTERM_BP_DIRECT","aerobic respiration","0.47%","12","2485","73","29712","3.95e-2","4.53e-1","1.97","1.00e+0","4.39e-1","1.75e-2"
"INTERPRO","USP_CS","0.47%","12","2526","54","22271","3.76e-2","1.00e+0","1.96","1.00e+0","9.99e-1","1.62e-2"
"BIOCARTA","p38 MAPK Signaling Pathway","0.47%","12","211","38","1286","3.42e-2","1.00e+0","1.92","1.00e+0","1.00e+0","1.42e-2"
"GOTERM_BP_DIRECT","cellular response to interferon-beta","0.47%","12","2485","71","29712","3.30e-2","4.09e-1","2.02","1.00e+0","3.96e-1","1.42e-2"
"GOTERM_MF_DIRECT","phosphoprotein phosphatase activity","0.47%","12","2457","64","28924","1.81e-2","1.86e-1","2.21","1.00e+0","1.74e-1","7.05e-3"
"INTERPRO","WW_dom_sf","0.47%","12","2526","48","22271","1.66e-2","1.00e+0","2.20","1.00e+0","9.99e-1","6.21e-3"
"GOTERM_BP_DIRECT","regulation of G1/S transition of mitotic cell cycle","0.47%","12","2485","64","29712","1.63e-2","2.62e-1","2.24","1.00e+0","2.54e-1","6.24e-3"
"KEGG_PATHWAY","Cocaine addiction","0.47%","12","1084","48","9565","1.63e-2","1.33e-1","2.21","9.97e-1","1.19e-1","6.09e-3"
"GOTERM_MF_DIRECT","cysteine-type endopeptidase activity","0.47%","12","2457","63","28924","1.62e-2","1.71e-1","2.24","1.00e+0","1.59e-1","6.19e-3"
"GOTERM_BP_DIRECT","mitotic cytokinesis","0.47%","12","2485","62","29712","1.30e-2","2.25e-1","2.31","1.00e+0","2.18e-1","4.79e-3"
"GOTERM_BP_DIRECT","T cell differentiation","0.47%","12","2485","62","29712","1.30e-2","2.25e-1","2.31","1.00e+0","2.18e-1","4.79e-3"
"GOTERM_CC_DIRECT","cleavage furrow","0.47%","12","2509","61","29722","1.23e-2","9.87e-2","2.33","1.00e+0","8.75e-2","4.50e-3"
"GOTERM_CC_DIRECT","protein-DNA complex","0.47%","12","2509","60","29722","1.09e-2","8.87e-2","2.37","1.00e+0","7.86e-2","3.91e-3"
"GOTERM_BP_DIRECT","protein N-linked glycosylation","0.47%","12","2485","60","29712","1.02e-2","1.91e-1","2.39","1.00e+0","1.85e-1","3.63e-3"
"GOTERM_BP_DIRECT","protein destabilization","0.47%","12","2485","60","29712","1.02e-2","1.91e-1","2.39","1.00e+0","1.85e-1","3.63e-3"
"UP_SEQ_FEATURE","DOMAIN:WW","0.47%","12","2463","46","22253","1.02e-2","8.39e-1","2.36","1.00e+0","8.35e-1","3.51e-3"
"GOTERM_BP_DIRECT","positive regulation of miRNA transcription","0.47%","12","2485","59","29712","9.00e-3","1.84e-1","2.43","1.00e+0","1.79e-1","3.14e-3"
"GOTERM_MF_DIRECT","antiporter activity","0.47%","12","2457","58","28924","8.84e-3","1.04e-1","2.44","1.00e+0","9.68e-2","3.07e-3"
"UP_SEQ_FEATURE","DOMAIN:AAA+ ATPase","0.47%","12","2463","45","22253","8.56e-3","7.97e-1","2.41","1.00e+0","7.93e-1","2.88e-3"
"KEGG_PATHWAY","Basal transcription factors","0.47%","12","1084","44","9565","8.42e-3","9.51e-2","2.41","9.48e-1","8.53e-2","2.82e-3"
"KEGG_PATHWAY","Various types of N-glycan biosynthesis","0.47%","12","1084","43","9565","7.02e-3","9.26e-2","2.46","9.15e-1","8.31e-2","2.28e-3"
"GOTERM_BP_DIRECT","activation of innate immune response","0.47%","12","2485","57","29712","6.91e-3","1.54e-1","2.52","1.00e+0","1.50e-1","2.31e-3"
"GOTERM_MF_DIRECT","glycosyltransferase activity","0.47%","12","2457","56","28924","6.76e-3","8.51e-2","2.52","1.00e+0","7.95e-2","2.25e-3"
"GOTERM_CC_DIRECT","endoplasmic reticulum-Golgi intermediate compartment membrane","0.47%","12","2509","54","29722","4.84e-3","4.88e-2","2.63","9.95e-1","4.33e-2","1.54e-3"
"GOTERM_BP_DIRECT","positive regulation of chemokine production","0.47%","12","2485","54","29712","4.52e-3","1.14e-1","2.66","1.00e+0","1.10e-1","1.42e-3"
"GOTERM_BP_DIRECT","cellular response to heat","0.47%","12","2485","53","29712","3.88e-3","1.05e-1","2.71","1.00e+0","1.02e-1","1.19e-3"
"UP_KW_MOLECULAR_FUNCTION","tRNA-binding","0.47%","12","1476","38","12454","3.57e-3","2.21e-2","2.66","2.83e-1","1.67e-2","1.04e-3"
"GOTERM_BP_DIRECT","homeostasis of number of cells","0.47%","12","2485","52","29712","3.32e-3","9.52e-2","2.76","1.00e+0","9.22e-2","9.97e-4"
"GOTERM_BP_DIRECT","protein targeting to membrane","0.47%","12","2485","51","29712","2.83e-3","8.42e-2","2.81","1.00e+0","8.16e-2","8.29e-4"
"GOTERM_BP_DIRECT","negative regulation of insulin receptor signaling pathway","0.47%","12","2485","50","29712","2.40e-3","7.82e-2","2.87","1.00e+0","7.57e-2","6.86e-4"
"GOTERM_BP_DIRECT","DNA damage checkpoint signaling","0.47%","12","2485","49","29712","2.02e-3","6.88e-2","2.93","1.00e+0","6.66e-2","5.63e-4"
"GOTERM_CC_DIRECT","SNARE complex","0.47%","12","2509","47","29722","1.52e-3","2.00e-2","3.02","8.12e-1","1.77e-2","4.06e-4"
"GOTERM_BP_DIRECT","phospholipid biosynthetic process","0.47%","12","2485","47","29712","1.41e-3","5.30e-2","3.05","1.00e+0","5.14e-2","3.73e-4"
"GOTERM_BP_DIRECT","autophagosome maturation","0.47%","12","2485","45","29712","9.60e-4","4.00e-2","3.19","9.97e-1","3.87e-2","2.40e-4"
"GOTERM_BP_DIRECT","protein targeting","0.47%","12","2485","45","29712","9.60e-4","4.00e-2","3.19","9.97e-1","3.87e-2","2.40e-4"
"GOTERM_BP_DIRECT","regulation of DNA replication","0.47%","12","2485","43","29712","6.35e-4","3.11e-2","3.34","9.80e-1","3.02e-2","1.50e-4"
"GOTERM_BP_DIRECT","positive regulation of type I interferon production","0.47%","12","2485","43","29712","6.35e-4","3.11e-2","3.34","9.80e-1","3.02e-2","1.50e-4"
"GOTERM_MF_DIRECT","acyltransferase activity","0.47%","12","2457","42","28924","5.83e-4","1.18e-2","3.36","6.98e-1","1.11e-2","1.36e-4"
"UP_SEQ_FEATURE","ZN_FING:CCHC-type","0.47%","12","2463","30","22253","2.19e-4","4.63e-2","3.61","6.86e-1","4.61e-2","4.19e-5"
"GOTERM_BP_DIRECT","rescue of stalled ribosome","0.47%","12","2485","35","29712","8.60e-5","6.93e-3","4.10","4.09e-1","6.71e-3","1.53e-5"
"GOTERM_MF_DIRECT","transcription regulator inhibitor activity","0.47%","12","2457","33","28924","5.38e-5","1.81e-3","4.28","1.05e-1","1.69e-3","8.95e-6"
"GOTERM_BP_DIRECT","regulation of double-strand break repair","0.47%","12","2485","31","29712","2.39e-5","2.50e-3","4.63","1.36e-1","2.42e-3","3.56e-6"
"GOTERM_BP_DIRECT","positive regulation of macrophage cytokine production","0.47%","12","2485","31","29712","2.39e-5","2.50e-3","4.63","1.36e-1","2.42e-3","3.56e-6"
"GOTERM_CC_DIRECT","Golgi cisterna membrane","0.43%","11","2509","75","29722","9.86e-2","4.21e-1","1.74","1.00e+0","3.74e-1","4.95e-2"
"UP_SEQ_FEATURE","REPEAT:TPR 7","0.43%","11","2463","56","22253","8.53e-2","1.00e+0","1.77","1.00e+0","9.95e-1","4.10e-2"
"GOTERM_MF_DIRECT","amyloid-beta binding","0.43%","11","2457","71","28924","7.65e-2","5.03e-1","1.82","1.00e+0","4.70e-1","3.65e-2"
"GOTERM_CC_DIRECT","anchoring junction","0.43%","11","2509","71","29722","7.40e-2","3.53e-1","1.84","1.00e+0","3.13e-1","3.51e-2"
"INTERPRO","Acyl_CoA_acyltransferase","0.43%","11","2526","53","22271","7.19e-2","1.00e+0","1.83","1.00e+0","9.99e-1","3.33e-2"
"INTERPRO","SMAD_FHA_dom_sf","0.43%","11","2526","53","22271","7.19e-2","1.00e+0","1.83","1.00e+0","9.99e-1","3.33e-2"
"GOTERM_BP_DIRECT","muscle organ development","0.43%","11","2485","71","29712","7.05e-2","6.28e-1","1.85","1.00e+0","6.08e-1","3.31e-2"
"GOTERM_BP_DIRECT","regulation of synaptic plasticity","0.43%","11","2485","70","29712","6.52e-2","6.03e-1","1.88","1.00e+0","5.84e-1","3.02e-2"
"KEGG_PATHWAY","Fanconi anemia pathway","0.43%","11","1084","52","9565","6.38e-2","3.11e-1","1.87","1.00e+0","2.79e-1","2.89e-2"
"UP_SEQ_FEATURE","REPEAT:WD 8","0.43%","11","2463","53","22253","6.29e-2","1.00e+0","1.88","1.00e+0","9.95e-1","2.84e-2"
"UP_KW_BIOLOGICAL_PROCESS","Steroid biosynthesis","0.43%","11","1528","43","11473","5.22e-2","3.32e-1","1.92","1.00e+0","3.03e-1","2.24e-2"
"UP_KW_BIOLOGICAL_PROCESS","Unfolded protein response","0.43%","11","1528","43","11473","5.22e-2","3.32e-1","1.92","1.00e+0","3.03e-1","2.24e-2"
"GOTERM_MF_DIRECT","cytoskeletal protein binding","0.43%","11","2457","66","28924","5.09e-2","3.89e-1","1.96","1.00e+0","3.63e-1","2.25e-2"
"GOTERM_BP_DIRECT","positive regulation of protein kinase activity","0.43%","11","2485","67","29712","5.09e-2","5.35e-1","1.96","1.00e+0","5.18e-1","2.25e-2"
"PIR_SUPERFAMILY","Integrin-linked_kinase","0.43%","11","276","42","2024","4.95e-2","1.00e+0","1.92","1.00e+0","1.00e+0","2.12e-2"
"GOTERM_BP_DIRECT","negative regulation of protein binding","0.43%","11","2485","66","29712","4.67e-2","4.99e-1","1.99","1.00e+0","4.83e-1","2.03e-2"
"GOTERM_CC_DIRECT","heterochromatin","0.43%","11","2509","65","29722","4.50e-2","2.62e-1","2.00","1.00e+0","2.33e-1","1.94e-2"
"INTERPRO","ATPase_AAA_core","0.43%","11","2526","47","22271","3.53e-2","1.00e+0","2.06","1.00e+0","9.99e-1","1.43e-2"
"GOTERM_BP_DIRECT","ERK1 and ERK2 cascade","0.43%","11","2485","62","29712","3.21e-2","4.05e-1","2.12","1.00e+0","3.92e-1","1.30e-2"
"GOTERM_BP_DIRECT","endosomal transport","0.43%","11","2485","61","29712","2.90e-2","3.83e-1","2.16","1.00e+0","3.71e-1","1.16e-2"
"GOTERM_BP_DIRECT","translational initiation","0.43%","11","2485","61","29712","2.90e-2","3.83e-1","2.16","1.00e+0","3.71e-1","1.16e-2"
"GOTERM_BP_DIRECT","ribosome biogenesis","0.43%","11","2485","58","29712","2.10e-2","3.11e-1","2.27","1.00e+0","3.01e-1","7.93e-3"
"GOTERM_BP_DIRECT","cellular response to interleukin-1","0.43%","11","2485","58","29712","2.10e-2","3.11e-1","2.27","1.00e+0","3.01e-1","7.93e-3"
"GOTERM_MF_DIRECT","SMAD binding","0.43%","11","2457","57","28924","2.07e-2","1.98e-1","2.27","1.00e+0","1.85e-1","7.77e-3"
"GOTERM_MF_DIRECT","protein folding chaperone","0.43%","11","2457","57","28924","2.07e-2","1.98e-1","2.27","1.00e+0","1.85e-1","7.77e-3"
"UP_SEQ_FEATURE","ZN_FING:PHD-type","0.43%","11","2463","43","22253","1.69e-2","1.00e+0","2.31","1.00e+0","9.95e-1","5.98e-3"
"GOTERM_MF_DIRECT","transcription coactivator binding","0.43%","11","2457","55","28924","1.63e-2","1.71e-1","2.35","1.00e+0","1.60e-1","5.89e-3"
"GOTERM_BP_DIRECT","neuromuscular process","0.43%","11","2485","55","29712","1.48e-2","2.45e-1","2.39","1.00e+0","2.38e-1","5.24e-3"
"INTERPRO","Rab-GAP_TBC_sf","0.43%","11","2526","40","22271","1.20e-2","1.00e+0","2.42","1.00e+0","9.99e-1","3.97e-3"
"GOTERM_BP_DIRECT","tumor necrosis factor-mediated signaling pathway","0.43%","11","2485","53","29712","1.15e-2","2.05e-1","2.48","1.00e+0","1.99e-1","3.90e-3"
"GOTERM_MF_DIRECT","Hsp90 protein binding","0.43%","11","2457","52","28924","1.11e-2","1.24e-1","2.49","1.00e+0","1.16e-1","3.76e-3"
"UP_SEQ_FEATURE","DOMAIN:Rab-GAP TBC","0.43%","11","2463","40","22253","1.01e-2","8.39e-1","2.48","1.00e+0","8.35e-1","3.28e-3"
"UP_SEQ_FEATURE","MOTIF:Q motif","0.43%","11","2463","40","22253","1.01e-2","8.39e-1","2.48","1.00e+0","8.35e-1","3.28e-3"
"GOTERM_BP_DIRECT","regulation of GTPase activity","0.43%","11","2485","52","29712","1.00e-2","1.91e-1","2.53","1.00e+0","1.85e-1","3.34e-3"
"GOTERM_BP_DIRECT","positive regulation of interferon-beta production","0.43%","11","2485","52","29712","1.00e-2","1.91e-1","2.53","1.00e+0","1.85e-1","3.34e-3"
"GOTERM_BP_DIRECT","cellular response to epidermal growth factor stimulus","0.43%","11","2485","52","29712","1.00e-2","1.91e-1","2.53","1.00e+0","1.85e-1","3.34e-3"
"INTERPRO","Rab-GAP-TBC_dom","0.43%","11","2526","39","22271","9.96e-3","1.00e+0","2.49","1.00e+0","9.99e-1","3.20e-3"
"GOTERM_MF_DIRECT","14-3-3 protein binding","0.43%","11","2457","51","28924","9.71e-3","1.13e-1","2.54","1.00e+0","1.06e-1","3.20e-3"
"GOTERM_BP_DIRECT","embryonic organ development","0.43%","11","2485","51","29712","8.74e-3","1.80e-1","2.58","1.00e+0","1.74e-1","2.84e-3"
"GOTERM_BP_DIRECT","establishment of cell polarity","0.43%","11","2485","51","29712","8.74e-3","1.80e-1","2.58","1.00e+0","1.74e-1","2.84e-3"
"SMART","TBC","0.43%","11","1284","37","10943","8.44e-3","5.09e-1","2.53","9.90e-1","5.09e-1","2.63e-3"
"GOTERM_BP_DIRECT","defense response","0.43%","11","2485","50","29712","7.58e-3","1.64e-1","2.63","1.00e+0","1.58e-1","2.41e-3"
"GOTERM_BP_DIRECT","mitophagy","0.43%","11","2485","50","29712","7.58e-3","1.64e-1","2.63","1.00e+0","1.58e-1","2.41e-3"
"GOTERM_MF_DIRECT","nucleotidyltransferase activity","0.43%","11","2457","49","28924","7.29e-3","8.96e-2","2.64","1.00e+0","8.36e-2","2.29e-3"
"GOTERM_MF_DIRECT","rRNA binding","0.43%","11","2457","49","28924","7.29e-3","8.96e-2","2.64","1.00e+0","8.36e-2","2.29e-3"
"GOTERM_MF_DIRECT","nuclear receptor binding","0.43%","11","2457","48","28924","6.27e-3","8.04e-2","2.70","1.00e+0","7.51e-2","1.92e-3"
"GOTERM_BP_DIRECT","positive regulation of double-strand break repair via homologous recombination","0.43%","11","2485","45","29712","3.45e-3","9.74e-2","2.92","1.00e+0","9.43e-2","9.63e-4"
"KEGG_PATHWAY","Circadian rhythm","0.43%","11","1084","34","9565","3.40e-3","5.96e-2","2.85","6.97e-1","5.34e-2","9.11e-4"
"GOTERM_MF_DIRECT","4 iron, 4 sulfur cluster binding","0.43%","11","2457","44","28924","3.24e-3","4.62e-2","2.94","9.99e-1","4.32e-2","8.95e-4"
"GOTERM_BP_DIRECT","negative regulation of G1/S transition of mitotic cell cycle","0.43%","11","2485","44","29712","2.90e-3","8.57e-2","2.99","1.00e+0","8.30e-2","7.86e-4"
"GOTERM_CC_DIRECT","histone deacetylase complex","0.43%","11","2509","43","29722","2.59e-3","3.05e-2","3.03","9.42e-1","2.71e-2","6.89e-4"
"GOTERM_BP_DIRECT","macroautophagy","0.43%","11","2485","43","29712","2.42e-3","7.83e-2","3.06","1.00e+0","7.59e-2","6.37e-4"
"KEGG_PATHWAY","Autophagy - other","0.43%","11","1084","32","9565","2.07e-3","4.36e-2","3.03","5.15e-1","3.91e-2","5.08e-4"
"GOTERM_BP_DIRECT","platelet-derived growth factor receptor signaling pathway","0.43%","11","2485","42","29712","2.00e-3","6.85e-2","3.13","1.00e+0","6.64e-2","5.13e-4"
"GOTERM_CC_DIRECT","mitotic spindle pole","0.43%","11","2509","41","29722","1.77e-3","2.28e-2","3.18","8.56e-1","2.02e-2","4.43e-4"
"GOTERM_MF_DIRECT","miRNA binding","0.43%","11","2457","39","28924","1.23e-3","2.06e-2","3.32","9.20e-1","1.92e-2","2.90e-4"
"GOTERM_BP_DIRECT","lipopolysaccharide-mediated signaling pathway","0.43%","11","2485","39","29712","1.09e-3","4.45e-2","3.37","9.99e-1","4.31e-2","2.54e-4"
"GOTERM_CC_DIRECT","COPII-coated ER to Golgi transport vesicle","0.43%","11","2509","38","29722","9.40e-4","1.38e-2","3.43","6.44e-1","1.22e-2","2.14e-4"
"GOTERM_MF_DIRECT","SNAP receptor activity","0.43%","11","2457","36","28924","6.20e-4","1.23e-2","3.60","7.20e-1","1.15e-2","1.32e-4"
"GOTERM_BP_DIRECT","regulation of multicellular organism growth","0.43%","11","2485","36","29712","5.49e-4","2.87e-2","3.65","9.65e-1","2.78e-2","1.15e-4"
"GOTERM_BP_DIRECT","intrinsic apoptotic signaling pathway in response to DNA damage by p53 class mediator","0.43%","11","2485","34","29712","3.30e-4","1.96e-2","3.87","8.68e-1","1.90e-2","6.40e-5"
"GOTERM_CC_DIRECT","MLL1 complex","0.43%","11","2509","31","29722","1.52e-4","2.88e-3","4.20","1.54e-1","2.56e-3","2.61e-5"
"GOTERM_MF_DIRECT","histone H4K5 acetyltransferase activity","0.43%","11","2457","29","28924","8.48e-5","2.37e-3","4.47","1.60e-1","2.21e-3","1.33e-5"
"GOTERM_MF_DIRECT","histone H4K8 acetyltransferase activity","0.43%","11","2457","29","28924","8.48e-5","2.37e-3","4.47","1.60e-1","2.21e-3","1.33e-5"
"GOTERM_MF_DIRECT","histone H4K12 acetyltransferase activity","0.43%","11","2457","29","28924","8.48e-5","2.37e-3","4.47","1.60e-1","2.21e-3","1.33e-5"
"GOTERM_BP_DIRECT","tRNA methylation","0.43%","11","2485","28","29712","5.26e-5","4.58e-3","4.70","2.76e-1","4.43e-3","7.69e-6"
"GOTERM_MF_DIRECT","histone H3K14 acetyltransferase activity","0.43%","11","2457","27","28924","4.18e-5","1.72e-3","4.80","8.22e-2","1.60e-3","5.87e-6"
"GOTERM_CC_DIRECT","core mediator complex","0.43%","11","2509","26","29722","2.70e-5","5.93e-4","5.01","2.92e-2","5.26e-4","3.55e-6"
"GOTERM_CC_DIRECT","histone acetyltransferase complex","0.43%","11","2509","24","29722","1.17e-5","2.72e-4","5.43","1.27e-2","2.42e-4","1.34e-6"
"GOTERM_BP_DIRECT","response to mechanical stimulus","0.39%","10","2485","66","29712","9.76e-2","7.53e-1","1.81","1.00e+0","7.29e-1","4.68e-2"
"GOTERM_MF_DIRECT","endonuclease activity","0.39%","10","2457","65","28924","9.75e-2","5.80e-1","1.81","1.00e+0","5.41e-1","4.67e-2"
"KEGG_PATHWAY","Type II diabetes mellitus","0.39%","10","1084","48","9565","8.69e-2","3.62e-1","1.84","1.00e+0","3.25e-1","3.99e-2"
"KEGG_PATHWAY","Ether lipid metabolism","0.39%","10","1084","48","9565","8.69e-2","3.62e-1","1.84","1.00e+0","3.25e-1","3.99e-2"
"GOTERM_BP_DIRECT","Rho protein signal transduction","0.39%","10","2485","63","29712","7.77e-2","6.65e-1","1.90","1.00e+0","6.44e-1","3.55e-2"
"GOTERM_BP_DIRECT","lung alveolus development","0.39%","10","2485","62","29712","7.16e-2","6.28e-1","1.93","1.00e+0","6.08e-1","3.22e-2"
"UP_SEQ_FEATURE","DOMAIN:C3H1-type","0.39%","10","2463","47","22253","6.97e-2","1.00e+0","1.92","1.00e+0","9.95e-1","3.06e-2"
"SMART","SCAN","0.39%","10","1284","43","10943","5.82e-2","1.00e+0","1.98","1.00e+0","1.00e+0","2.45e-2"
"GOTERM_BP_DIRECT","positive regulation of MAP kinase activity","0.39%","10","2485","59","29712","5.53e-2","5.60e-1","2.03","1.00e+0","5.42e-1","2.35e-2"
"GOTERM_BP_DIRECT","positive regulation of protein localization to plasma membrane","0.39%","10","2485","58","29712","5.04e-2","5.32e-1","2.06","1.00e+0","5.15e-1","2.11e-2"
"INTERPRO","Rossmann-like_a/b/a_fold","0.39%","10","2526","43","22271","4.89e-2","1.00e+0","2.05","1.00e+0","9.99e-1","1.98e-2"
"INTERPRO","SCAN_dom","0.39%","10","2526","43","22271","4.89e-2","1.00e+0","2.05","1.00e+0","9.99e-1","1.98e-2"
"INTERPRO","SCAN_sf","0.39%","10","2526","43","22271","4.89e-2","1.00e+0","2.05","1.00e+0","9.99e-1","1.98e-2"
"UP_SEQ_FEATURE","DOMAIN:SCAN box","0.39%","10","2463","43","22253","4.29e-2","1.00e+0","2.10","1.00e+0","9.95e-1","1.70e-2"
"GOTERM_BP_DIRECT","lipid homeostasis","0.39%","10","2485","56","29712","4.16e-2","4.68e-1","2.14","1.00e+0","4.53e-1","1.67e-2"
"GOTERM_BP_DIRECT","chemokine-mediated signaling pathway","0.39%","10","2485","55","29712","3.76e-2","4.45e-1","2.17","1.00e+0","4.31e-1","1.48e-2"
"GOTERM_MF_DIRECT","nuclear receptor activity","0.39%","10","2457","54","28924","3.69e-2","3.11e-1","2.18","1.00e+0","2.91e-1","1.45e-2"
"GOTERM_MF_DIRECT","kinesin binding","0.39%","10","2457","54","28924","3.69e-2","3.11e-1","2.18","1.00e+0","2.91e-1","1.45e-2"
"UP_KW_MOLECULAR_FUNCTION","Aminoacyl-tRNA synthetase","0.39%","10","1476","39","12454","3.53e-2","1.26e-1","2.16","9.65e-1","9.51e-2","1.34e-2"
"GOTERM_BP_DIRECT","osteoclast differentiation","0.39%","10","2485","54","29712","3.39e-2","4.13e-1","2.21","1.00e+0","4.00e-1","1.31e-2"
"GOTERM_BP_DIRECT","cell surface receptor signaling pathway via JAK-STAT","0.39%","10","2485","53","29712","3.04e-2","3.94e-1","2.26","1.00e+0","3.82e-1","1.15e-2"
"UP_KW_BIOLOGICAL_PROCESS","Host-virus interaction","0.39%","10","1528","34","11473","3.00e-2","2.27e-1","2.21","9.92e-1","2.07e-1","1.08e-2"
"GOTERM_MF_DIRECT","cholesterol binding","0.39%","10","2457","52","28924","2.97e-2","2.60e-1","2.26","1.00e+0","2.43e-1","1.12e-2"
"GOTERM_MF_DIRECT","phosphatase activity","0.39%","10","2457","52","28924","2.97e-2","2.60e-1","2.26","1.00e+0","2.43e-1","1.12e-2"
"GOTERM_MF_DIRECT","protein serine/threonine phosphatase activity","0.39%","10","2457","52","28924","2.97e-2","2.60e-1","2.26","1.00e+0","2.43e-1","1.12e-2"
"GOTERM_MF_DIRECT","nuclear estrogen receptor binding","0.39%","10","2457","52","28924","2.97e-2","2.60e-1","2.26","1.00e+0","2.43e-1","1.12e-2"
"INTERPRO","Ribosomal_Su5_D2-typ_SF","0.39%","10","2526","39","22271","2.76e-2","1.00e+0","2.26","1.00e+0","9.99e-1","9.99e-3"
"GOTERM_BP_DIRECT","synaptic vesicle endocytosis","0.39%","10","2485","52","29712","2.72e-2","3.67e-1","2.30","1.00e+0","3.56e-1","1.01e-2"
"GOTERM_BP_DIRECT","protein localization to nucleus","0.39%","10","2485","52","29712","2.72e-2","3.67e-1","2.30","1.00e+0","3.56e-1","1.01e-2"
"GOTERM_BP_DIRECT","positive regulation of stem cell population maintenance","0.39%","10","2485","51","29712","2.42e-2","3.42e-1","2.34","1.00e+0","3.31e-1","8.77e-3"
"GOTERM_CC_DIRECT","axonal growth cone","0.39%","10","2509","47","29722","1.55e-2","1.16e-1","2.52","1.00e+0","1.03e-1","5.14e-3"
"INTERPRO","RNA_helicase_DEAD_Q_motif","0.39%","10","2526","35","22271","1.39e-2","1.00e+0","2.52","1.00e+0","9.99e-1","4.39e-3"
"GOTERM_BP_DIRECT","negative regulation of TORC1 signaling","0.39%","10","2485","46","29712","1.27e-2","2.24e-1","2.60","1.00e+0","2.17e-1","4.09e-3"
"GOTERM_BP_DIRECT","positive regulation of interleukin-10 production","0.39%","10","2485","45","29712","1.10e-2","1.99e-1","2.66","1.00e+0","1.93e-1","3.46e-3"
"GOTERM_BP_DIRECT","mRNA catabolic process","0.39%","10","2485","45","29712","1.10e-2","1.99e-1","2.66","1.00e+0","1.93e-1","3.46e-3"
"GOTERM_BP_DIRECT","activation of GTPase activity","0.39%","10","2485","45","29712","1.10e-2","1.99e-1","2.66","1.00e+0","1.93e-1","3.46e-3"
"GOTERM_BP_DIRECT","retrograde vesicle-mediated transport, Golgi to endoplasmic reticulum","0.39%","10","2485","44","29712","9.53e-3","1.89e-1","2.72","1.00e+0","1.83e-1","2.90e-3"
"GOTERM_BP_DIRECT","positive regulation of Wnt signaling pathway","0.39%","10","2485","44","29712","9.53e-3","1.89e-1","2.72","1.00e+0","1.83e-1","2.90e-3"
"GOTERM_CC_DIRECT","cis-Golgi network","0.39%","10","2509","43","29722","8.66e-3","7.73e-2","2.75","1.00e+0","6.86e-2","2.59e-3"
"GOTERM_BP_DIRECT","intrinsic apoptotic signaling pathway in response to endoplasmic reticulum stress","0.39%","10","2485","43","29712","8.17e-3","1.71e-1","2.78","1.00e+0","1.66e-1","2.42e-3"
"INTERPRO","Transl_B-barrel_sf","0.39%","10","2526","32","22271","7.54e-3","1.00e+0","2.76","1.00e+0","9.99e-1","2.12e-3"
"GOTERM_BP_DIRECT","face morphogenesis","0.39%","10","2485","42","29712","6.97e-3","1.54e-1","2.85","1.00e+0","1.50e-1","2.01e-3"
"UP_SEQ_FEATURE","MOTIF:DEAD box","0.39%","10","2463","32","22253","6.43e-3","7.26e-1","2.82","1.00e+0","7.23e-1","1.76e-3"
"GOTERM_BP_DIRECT","ventricular septum development","0.39%","10","2485","41","29712","5.90e-3","1.41e-1","2.92","1.00e+0","1.36e-1","1.65e-3"
"GOTERM_BP_DIRECT","mitotic G2 DNA damage checkpoint signaling","0.39%","10","2485","41","29712","5.90e-3","1.41e-1","2.92","1.00e+0","1.36e-1","1.65e-3"
"GOTERM_BP_DIRECT","macrophage cytokine production","0.39%","10","2485","39","29712","4.15e-3","1.10e-1","3.07","1.00e+0","1.07e-1","1.09e-3"
"GOTERM_BP_DIRECT","cellular response to nutrient levels","0.39%","10","2485","36","29712","2.32e-3","7.67e-2","3.32","1.00e+0","7.43e-2","5.50e-4"
"GOTERM_MF_DIRECT","cyclin binding","0.39%","10","2457","35","28924","2.09e-3","3.14e-2","3.36","9.86e-1","2.93e-2","4.86e-4"
"GOTERM_MF_DIRECT","nucleosome binding","0.39%","10","2457","34","28924","1.68e-3","2.61e-2","3.46","9.68e-1","2.43e-2","3.76e-4"
"GOTERM_MF_DIRECT","RNA polymerase II complex binding","0.39%","10","2457","33","28924","1.33e-3","2.13e-2","3.57","9.35e-1","1.99e-2","2.87e-4"
"GOTERM_MF_DIRECT","mRNA 3'-UTR AU-rich region binding","0.39%","10","2457","32","28924","1.05e-3","1.95e-2","3.68","8.83e-1","1.82e-2","2.16e-4"
"GOTERM_BP_DIRECT","positive regulation of telomere maintenance","0.39%","10","2485","32","29712","9.36e-4","4.00e-2","3.74","9.97e-1","3.87e-2","1.90e-4"
"GOTERM_BP_DIRECT","positive regulation of macroautophagy","0.39%","10","2485","32","29712","9.36e-4","4.00e-2","3.74","9.97e-1","3.87e-2","1.90e-4"
"GOTERM_BP_DIRECT","DNA-templated DNA replication","0.39%","10","2485","31","29712","7.26e-4","3.37e-2","3.86","9.88e-1","3.26e-2","1.41e-4"
"GOTERM_MF_DIRECT","TBP-class protein binding","0.39%","10","2457","30","28924","6.23e-4","1.23e-2","3.92","7.22e-1","1.15e-2","1.18e-4"
"GOTERM_MF_DIRECT","histone acetyltransferase binding","0.39%","10","2457","30","28924","6.23e-4","1.23e-2","3.92","7.22e-1","1.15e-2","1.18e-4"
"GOTERM_CC_DIRECT","NuA4 histone acetyltransferase complex","0.39%","10","2509","29","29722","4.50e-4","7.38e-3","4.08","3.90e-1","6.54e-3","8.07e-5"
"GOTERM_BP_DIRECT","toll-like receptor signaling pathway","0.39%","10","2485","28","29712","3.13e-4","1.90e-2","4.27","8.53e-1","1.84e-2","5.28e-5"
"GOTERM_MF_DIRECT","3'-5'-RNA exonuclease activity","0.39%","10","2457","26","28924","1.86e-4","4.10e-3","4.53","3.17e-1","3.83e-3","2.86e-5"
"GOTERM_MF_DIRECT","snoRNA binding","0.39%","10","2457","22","28924","4.04e-5","1.69e-3","5.35","7.97e-2","1.58e-3","4.78e-6"
"GOTERM_BP_DIRECT","dolichol-linked oligosaccharide biosynthetic process","0.39%","10","2485","18","29712","4.76e-6","6.48e-4","6.64","2.87e-2","6.27e-4","3.84e-7"
"GOTERM_MF_DIRECT","ribosomal large subunit binding","0.39%","10","2457","15","28924","7.05e-7","4.67e-5","7.85","1.45e-3","4.36e-5","3.87e-8"
"GOTERM_MF_DIRECT","cysteine-type peptidase activity","0.35%","9","2457","56","28924","9.94e-2","5.86e-1","1.89","1.00e+0","5.48e-1","4.53e-2"
"GOTERM_CC_DIRECT","respiratory chain complex I","0.35%","9","2509","56","29722","9.67e-2","4.17e-1","1.90","1.00e+0","3.70e-1","4.38e-2"
"UP_SEQ_FEATURE","INTRAMEM:Helical","0.35%","9","2463","43","22253","9.66e-2","1.00e+0","1.89","1.00e+0","9.95e-1","4.29e-2"
"KEGG_PATHWAY","Homologous recombination","0.35%","9","1084","42","9565","9.58e-2","3.77e-1","1.89","1.00e+0","3.38e-1","4.25e-2"
"KEGG_PATHWAY","Protein export","0.35%","9","1084","42","9565","9.58e-2","3.77e-1","1.89","1.00e+0","3.38e-1","4.25e-2"
"SMART","PTB","0.35%","9","1284","40","10943","8.94e-2","1.00e+0","1.92","1.00e+0","1.00e+0","3.89e-2"
"GOTERM_CC_DIRECT","trans-Golgi network membrane","0.35%","9","2509","55","29722","8.92e-2","4.01e-1","1.94","1.00e+0","3.56e-1","3.96e-2"
"GOTERM_CC_DIRECT","presynaptic active zone","0.35%","9","2509","55","29722","8.92e-2","4.01e-1","1.94","1.00e+0","3.56e-1","3.96e-2"
"INTERPRO","PTB/PI_dom","0.35%","9","2526","41","22271","8.64e-2","1.00e+0","1.94","1.00e+0","9.99e-1","3.73e-2"
"INTERPRO","TYR_PHOSPHATASE_DUAL_dom","0.35%","9","2526","41","22271","8.64e-2","1.00e+0","1.94","1.00e+0","9.99e-1","3.73e-2"
"KEGG_PATHWAY","Bladder cancer","0.35%","9","1084","41","9565","8.56e-2","3.62e-1","1.94","1.00e+0","3.25e-1","3.70e-2"
"GOTERM_BP_DIRECT","determination of adult lifespan","0.35%","9","2485","55","29712","8.55e-2","6.87e-1","1.96","1.00e+0","6.66e-1","3.77e-2"
"GOTERM_MF_DIRECT","ribonucleoprotein complex binding","0.35%","9","2457","54","28924","8.43e-2","5.34e-1","1.96","1.00e+0","4.99e-1","3.70e-2"
"GOTERM_BP_DIRECT","positive regulation of protein import into nucleus","0.35%","9","2485","54","29712","7.86e-2","6.67e-1","1.99","1.00e+0","6.46e-1","3.39e-2"
"GOTERM_BP_DIRECT","cellular senescence","0.35%","9","2485","54","29712","7.86e-2","6.67e-1","1.99","1.00e+0","6.46e-1","3.39e-2"
"GOTERM_BP_DIRECT","spleen development","0.35%","9","2485","53","29712","7.19e-2","6.28e-1","2.03","1.00e+0","6.08e-1","3.05e-2"
"GOTERM_BP_DIRECT","reactive oxygen species metabolic process","0.35%","9","2485","53","29712","7.19e-2","6.28e-1","2.03","1.00e+0","6.08e-1","3.05e-2"
"GOTERM_BP_DIRECT","positive regulation of nitric oxide biosynthetic process","0.35%","9","2485","53","29712","7.19e-2","6.28e-1","2.03","1.00e+0","6.08e-1","3.05e-2"
"BIOCARTA","FAS signaling pathway ( CD95 )","0.35%","9","211","28","1286","7.17e-2","1.00e+0","1.96","1.00e+0","1.00e+0","2.89e-2"
"KEGG_PATHWAY","Amino sugar and nucleotide sugar metabolism","0.35%","9","1084","39","9565","6.72e-2","3.16e-1","2.04","1.00e+0","2.83e-1","2.74e-2"
"GOTERM_BP_DIRECT","protein monoubiquitination","0.35%","9","2485","52","29712","6.57e-2","6.06e-1","2.07","1.00e+0","5.87e-1","2.72e-2"
"GOTERM_BP_DIRECT","blood vessel remodeling","0.35%","9","2485","52","29712","6.57e-2","6.06e-1","2.07","1.00e+0","5.87e-1","2.72e-2"
"UP_SEQ_FEATURE","ACT_SITE:4-aspartylphosphate intermediate","0.35%","9","2463","39","22253","6.04e-2","1.00e+0","2.08","1.00e+0","9.95e-1","2.40e-2"
"INTERPRO","Znf_CCCH_sf","0.35%","9","2526","38","22271","5.96e-2","1.00e+0","2.09","1.00e+0","9.99e-1","2.36e-2"
"GOTERM_CC_DIRECT","mitochondrial nucleoid","0.35%","9","2509","50","29722","5.66e-2","2.92e-1","2.13","1.00e+0","2.59e-1","2.27e-2"
"GOTERM_BP_DIRECT","adult walking behavior","0.35%","9","2485","50","29712","5.42e-2","5.54e-1","2.15","1.00e+0","5.37e-1","2.15e-2"
"SMART","DSPc","0.35%","9","1284","36","10943","5.32e-2","1.00e+0","2.13","1.00e+0","1.00e+0","2.05e-2"
"GOTERM_MF_DIRECT","phosphatidylinositol-3-phosphate binding","0.35%","9","2457","49","28924","5.28e-2","4.01e-1","2.16","1.00e+0","3.75e-1","2.08e-2"
"GOTERM_CC_DIRECT","presynaptic cytosol","0.35%","9","2509","49","29722","5.12e-2","2.83e-1","2.18","1.00e+0","2.51e-1","2.01e-2"
"GOTERM_MF_DIRECT","phosphotyrosine residue binding","0.35%","9","2457","48","28924","4.76e-2","3.71e-1","2.21","1.00e+0","3.47e-1","1.84e-2"
"UP_SEQ_FEATURE","SITE:Important for catalytic activity","0.35%","9","2463","37","22253","4.61e-2","1.00e+0","2.20","1.00e+0","9.95e-1","1.73e-2"
"INTERPRO","SOCS_box","0.35%","9","2526","36","22271","4.51e-2","1.00e+0","2.20","1.00e+0","9.99e-1","1.68e-2"
"GOTERM_BP_DIRECT","positive regulation of JUN kinase activity","0.35%","9","2485","48","29712","4.40e-2","4.87e-1","2.24","1.00e+0","4.72e-1","1.67e-2"
"GOTERM_MF_DIRECT","molecular condensate scaffold activity","0.35%","9","2457","47","28924","4.27e-2","3.41e-1","2.25","1.00e+0","3.18e-1","1.61e-2"
"UP_SEQ_FEATURE","DOMAIN:SOCS box","0.35%","9","2463","36","22253","3.98e-2","1.00e+0","2.26","1.00e+0","9.95e-1","1.44e-2"
"UP_SEQ_FEATURE","DOMAIN:PID","0.35%","9","2463","36","22253","3.98e-2","1.00e+0","2.26","1.00e+0","9.95e-1","1.44e-2"
"COG_ONTOLOGY","RNA processing and modification","0.35%","9","317","27","2099","3.95e-2","7.90e-1","2.21","8.00e-1","7.90e-1","1.38e-2"
"GOTERM_BP_DIRECT","negative regulation of smooth muscle cell proliferation","0.35%","9","2485","47","29712","3.95e-2","4.53e-1","2.29","1.00e+0","4.39e-1","1.47e-2"
"GOTERM_BP_DIRECT","long-term memory","0.35%","9","2485","47","29712","3.95e-2","4.53e-1","2.29","1.00e+0","4.39e-1","1.47e-2"
"BIOCARTA","NFkB activation by Nontypeable Hemophilus influenzae","0.35%","9","211","25","1286","3.87e-2","1.00e+0","2.19","1.00e+0","1.00e+0","1.34e-2"
"GOTERM_MF_DIRECT","FAD binding","0.35%","9","2457","46","28924","3.82e-2","3.14e-1","2.30","1.00e+0","2.93e-1","1.40e-2"
"GOTERM_BP_DIRECT","positive regulation of vascular associated smooth muscle cell proliferation","0.35%","9","2485","46","29712","3.53e-2","4.27e-1","2.34","1.00e+0","4.14e-1","1.28e-2"
"INTERPRO","FHA_dom","0.35%","9","2526","34","22271","3.31e-2","1.00e+0","2.33","1.00e+0","9.99e-1","1.15e-2"
"INTERPRO","Dual-sp_phosphatase_cat-dom","0.35%","9","2526","34","22271","3.31e-2","1.00e+0","2.33","1.00e+0","9.99e-1","1.15e-2"
"GOTERM_BP_DIRECT","centrosome cycle","0.35%","9","2485","45","29712","3.13e-2","4.00e-1","2.39","1.00e+0","3.87e-1","1.11e-2"
"GOTERM_BP_DIRECT","positive regulation of interleukin-12 production","0.35%","9","2485","45","29712","3.13e-2","4.00e-1","2.39","1.00e+0","3.87e-1","1.11e-2"
"BIOCARTA","NF-kB Signaling Pathway","0.35%","9","211","24","1286","3.04e-2","1.00e+0","2.29","9.99e-1","1.00e+0","9.94e-3"
"GOTERM_BP_DIRECT","axon development","0.35%","9","2485","44","29712","2.77e-2","3.70e-1","2.45","1.00e+0","3.59e-1","9.55e-3"
"KEGG_PATHWAY","SNARE interactions in vesicular transport","0.35%","9","1084","33","9565","2.77e-2","1.94e-1","2.41","1.00e+0","1.74e-1","9.25e-3"
"UP_KW_MOLECULAR_FUNCTION","rRNA-binding","0.35%","9","1476","31","12454","2.47e-2","1.04e-1","2.45","9.02e-1","7.86e-2","8.00e-3"
"GOTERM_BP_DIRECT","G2/M transition of mitotic cell cycle","0.35%","9","2485","43","29712","2.44e-2","3.42e-1","2.50","1.00e+0","3.31e-1","8.19e-3"
"GOTERM_BP_DIRECT","regulation of postsynaptic neurotransmitter receptor internalization","0.35%","9","2485","42","29712","2.14e-2","3.16e-1","2.56","1.00e+0","3.06e-1","6.98e-3"
"GOTERM_BP_DIRECT","blastocyst hatching","0.35%","9","2485","41","29712","1.86e-2","2.87e-1","2.62","1.00e+0","2.78e-1","5.92e-3"
"GOTERM_BP_DIRECT","aorta development","0.35%","9","2485","41","29712","1.86e-2","2.87e-1","2.62","1.00e+0","2.78e-1","5.92e-3"
"GOTERM_BP_DIRECT","regulation of protein binding","0.35%","9","2485","38","29712","1.19e-2","2.12e-1","2.83","1.00e+0","2.06e-1","3.46e-3"
"GOTERM_MF_DIRECT","ubiquitin conjugating enzyme binding","0.35%","9","2457","37","28924","1.11e-2","1.24e-1","2.86","1.00e+0","1.16e-1","3.16e-3"
"GOTERM_MF_DIRECT","RNA polymerase II general transcription initiation factor activity","0.35%","9","2457","37","28924","1.11e-2","1.24e-1","2.86","1.00e+0","1.16e-1","3.16e-3"
"GOTERM_MF_DIRECT","ferrous iron binding","0.35%","9","2457","37","28924","1.11e-2","1.24e-1","2.86","1.00e+0","1.16e-1","3.16e-3"
"GOTERM_CC_DIRECT","U4/U6 x U5 tri-snRNP complex","0.35%","9","2509","37","29722","1.07e-2","8.76e-2","2.88","1.00e+0","7.77e-2","3.03e-3"
"INTERPRO","Toll_tir_struct_dom_sf","0.35%","9","2526","28","22271","1.04e-2","1.00e+0","2.83","1.00e+0","9.99e-1","2.82e-3"
"INTERPRO","TIR_dom","0.35%","9","2526","28","22271","1.04e-2","1.00e+0","2.83","1.00e+0","9.99e-1","2.82e-3"
"GOTERM_BP_DIRECT","post-transcriptional regulation of gene expression","0.35%","9","2485","37","29712","1.01e-2","1.91e-1","2.91","1.00e+0","1.85e-1","2.84e-3"
"GOTERM_BP_DIRECT","toll-like receptor 4 signaling pathway","0.35%","9","2485","37","29712","1.01e-2","1.91e-1","2.91","1.00e+0","1.85e-1","2.84e-3"
"UP_SEQ_FEATURE","DOMAIN:DEAD-box RNA helicase Q","0.35%","9","2463","28","22253","9.04e-3","7.97e-1","2.90","1.00e+0","7.93e-1","2.38e-3"
"UP_SEQ_FEATURE","DOMAIN:TIR","0.35%","9","2463","28","22253","9.04e-3","7.97e-1","2.90","1.00e+0","7.93e-1","2.38e-3"
"GOTERM_BP_DIRECT","ribosomal large subunit biogenesis","0.35%","9","2485","35","29712","7.17e-3","1.56e-1","3.07","1.00e+0","1.51e-1","1.88e-3"
"INTERPRO","Snail/Krueppel_Znf","0.35%","9","2526","26","22271","6.44e-3","1.00e+0","3.05","1.00e+0","9.99e-1","1.58e-3"
"GOTERM_BP_DIRECT","positive regulation of defense response to virus by host","0.35%","9","2485","33","29712","4.91e-3","1.20e-1","3.26","1.00e+0","1.17e-1","1.20e-3"
"GOTERM_CC_DIRECT","clathrin-coated vesicle membrane","0.35%","9","2509","32","29722","4.24e-3","4.40e-2","3.33","9.91e-1","3.90e-2","1.00e-3"
"GOTERM_CC_DIRECT","transcription factor TFIID complex","0.35%","9","2509","32","29722","4.24e-3","4.40e-2","3.33","9.91e-1","3.90e-2","1.00e-3"
"GOTERM_BP_DIRECT","intracellular receptor signaling pathway","0.35%","9","2485","32","29712","4.01e-3","1.07e-1","3.36","1.00e+0","1.03e-1","9.38e-4"
"GOTERM_BP_DIRECT","microglial cell activation","0.35%","9","2485","32","29712","4.01e-3","1.07e-1","3.36","1.00e+0","1.03e-1","9.38e-4"
"GOTERM_CC_DIRECT","phagocytic cup","0.35%","9","2509","31","29722","3.43e-3","3.73e-2","3.44","9.77e-1","3.31e-2","7.79e-4"
"UP_SEQ_FEATURE","DOMAIN:PCI","0.35%","9","2463","24","22253","3.19e-3","4.33e-1","3.39","1.00e+0","4.31e-1","6.79e-4"
"INTERPRO","PCI_dom","0.35%","9","2526","23","22271","2.75e-3","8.09e-1","3.45","1.00e+0","8.08e-1","5.65e-4"
"GOTERM_CC_DIRECT","U2-type spliceosomal complex","0.35%","9","2509","30","29722","2.75e-3","3.14e-2","3.55","9.51e-1","2.79e-2","5.97e-4"
"GOTERM_MF_DIRECT","nuclear thyroid hormone receptor binding","0.35%","9","2457","29","28924","2.26e-3","3.36e-2","3.65","9.90e-1","3.14e-2","4.73e-4"
"GOTERM_BP_DIRECT","anterograde axonal transport","0.35%","9","2485","29","29712","2.05e-3","6.90e-2","3.71","1.00e+0","6.68e-2","4.21e-4"
"GOTERM_BP_DIRECT","positive regulation of glycolytic process","0.35%","9","2485","29","29712","2.05e-3","6.90e-2","3.71","1.00e+0","6.68e-2","4.21e-4"
"GOTERM_MF_DIRECT","telomeric DNA binding","0.35%","9","2457","28","28924","1.77e-3","2.71e-2","3.78","9.74e-1","2.53e-2","3.52e-4"
"GOTERM_BP_DIRECT","mRNA 3'-end processing","0.35%","9","2485","28","29712","1.60e-3","5.81e-2","3.84","1.00e+0","5.62e-2","3.14e-4"
"GOTERM_BP_DIRECT","protein K63-linked deubiquitination","0.35%","9","2485","26","29712","9.35e-4","4.00e-2","4.14","9.97e-1","3.87e-2","1.66e-4"
"GOTERM_BP_DIRECT","nitric oxide biosynthetic process","0.35%","9","2485","25","29712","6.98e-4","3.35e-2","4.30","9.86e-1","3.24e-2","1.17e-4"
"GOTERM_CC_DIRECT","SAGA complex","0.35%","9","2509","24","29722","5.45e-4","8.67e-3","4.44","4.50e-1","7.69e-3","8.68e-5"
"GOTERM_BP_DIRECT","nuclear-transcribed mRNA catabolic process","0.35%","9","2485","24","29712","5.12e-4","2.73e-2","4.48","9.57e-1","2.64e-2","8.08e-5"
"GOTERM_BP_DIRECT","suppression of viral release by host","0.35%","9","2485","24","29712","5.12e-4","2.73e-2","4.48","9.57e-1","2.64e-2","8.08e-5"
"GOTERM_MF_DIRECT","histone acetyltransferase activity","0.35%","9","2457","22","28924","2.88e-4","6.10e-3","4.82","4.47e-1","5.70e-3","4.06e-5"
"GOTERM_BP_DIRECT","positive regulation by host of viral transcription","0.35%","9","2485","17","29712","2.88e-5","2.76e-3","6.33","1.62e-1","2.67e-3","2.58e-6"
"GOTERM_BP_DIRECT","ribosome disassembly","0.35%","9","2485","17","29712","2.88e-5","2.76e-3","6.33","1.62e-1","2.67e-3","2.58e-6"
"GOTERM_MF_DIRECT","K63-linked deubiquitinase activity","0.35%","9","2457","15","28924","9.97e-6","5.12e-4","7.06","2.03e-2","4.78e-4","7.08e-7"
"GOTERM_CC_DIRECT","postsynaptic cytosol","0.31%","8","2509","47","29722","9.77e-2","4.19e-1","2.02","1.00e+0","3.72e-1","4.15e-2"
"UP_SEQ_FEATURE","ZN_FING:PHD-type 1","0.31%","8","2463","36","22253","9.63e-2","1.00e+0","2.01","1.00e+0","9.95e-1","3.99e-2"
"GOTERM_MF_DIRECT","oxidoreductase activity, acting on the CH-OH group of donors, NAD or NADP as acceptor","0.31%","8","2457","46","28924","9.16e-2","5.58e-1","2.05","1.00e+0","5.21e-1","3.82e-2"
"GOTERM_BP_DIRECT","negative regulation of fibroblast proliferation","0.31%","8","2485","46","29712","8.60e-2","6.87e-1","2.08","1.00e+0","6.66e-1","3.53e-2"
"GOTERM_BP_DIRECT","positive regulation of T cell differentiation","0.31%","8","2485","46","29712","8.60e-2","6.87e-1","2.08","1.00e+0","6.66e-1","3.53e-2"
"GOTERM_BP_DIRECT","endosome organization","0.31%","8","2485","46","29712","8.60e-2","6.87e-1","2.08","1.00e+0","6.66e-1","3.53e-2"
"GOTERM_BP_DIRECT","positive regulation of neurogenesis","0.31%","8","2485","46","29712","8.60e-2","6.87e-1","2.08","1.00e+0","6.66e-1","3.53e-2"
"SMART","CYCLIN","0.31%","8","1284","33","10943","8.41e-2","1.00e+0","2.07","1.00e+0","1.00e+0","3.35e-2"
"BIOCARTA","Cyclins and Cell Cycle Regulation","0.31%","8","211","24","1286","8.15e-2","1.00e+0","2.03","1.00e+0","1.00e+0","3.12e-2"
"GOTERM_BP_DIRECT","regulation of postsynaptic membrane neurotransmitter receptor levels","0.31%","8","2485","45","29712","7.82e-2","6.67e-1","2.13","1.00e+0","6.46e-1","3.14e-2"
"GOTERM_BP_DIRECT","positive regulation of Notch signaling pathway","0.31%","8","2485","45","29712","7.82e-2","6.67e-1","2.13","1.00e+0","6.46e-1","3.14e-2"
"GOTERM_BP_DIRECT","lactation","0.31%","8","2485","45","29712","7.82e-2","6.67e-1","2.13","1.00e+0","6.46e-1","3.14e-2"
"UP_SEQ_FEATURE","DOMAIN:FHA","0.31%","8","2463","34","22253","7.51e-2","1.00e+0","2.13","1.00e+0","9.95e-1","2.92e-2"
"INTERPRO","Cyclin-like_dom","0.31%","8","2526","33","22271","7.30e-2","1.00e+0","2.14","1.00e+0","9.99e-1","2.81e-2"
"GOTERM_BP_DIRECT","positive regulation of smooth muscle cell migration","0.31%","8","2485","44","29712","7.09e-2","6.28e-1","2.17","1.00e+0","6.08e-1","2.78e-2"
"GOTERM_BP_DIRECT","regulation of G protein-coupled receptor signaling pathway","0.31%","8","2485","44","29712","7.09e-2","6.28e-1","2.17","1.00e+0","6.08e-1","2.78e-2"
"GOTERM_BP_DIRECT","B cell receptor signaling pathway","0.31%","8","2485","44","29712","7.09e-2","6.28e-1","2.17","1.00e+0","6.08e-1","2.78e-2"
"GOTERM_BP_DIRECT","positive regulation of epithelial cell migration","0.31%","8","2485","44","29712","7.09e-2","6.28e-1","2.17","1.00e+0","6.08e-1","2.78e-2"
"GOTERM_MF_DIRECT","ADP binding","0.31%","8","2457","43","28924","6.85e-2","4.67e-1","2.19","1.00e+0","4.36e-1","2.66e-2"
"UP_SEQ_FEATURE","DOMAIN:CCHC-type","0.31%","8","2463","33","22253","6.56e-2","1.00e+0","2.19","1.00e+0","9.95e-1","2.46e-2"
"UP_SEQ_FEATURE","ZN_FING:PHD-type 2","0.31%","8","2463","33","22253","6.56e-2","1.00e+0","2.19","1.00e+0","9.95e-1","2.46e-2"
"GOTERM_BP_DIRECT","negative regulation of apoptotic signaling pathway","0.31%","8","2485","43","29712","6.41e-2","5.94e-1","2.22","1.00e+0","5.75e-1","2.45e-2"
"GOTERM_BP_DIRECT","endothelial cell migration","0.31%","8","2485","43","29712","6.41e-2","5.94e-1","2.22","1.00e+0","5.75e-1","2.45e-2"
"GOTERM_BP_DIRECT","positive regulation of protein localization to nucleus","0.31%","8","2485","43","29712","6.41e-2","5.94e-1","2.22","1.00e+0","5.75e-1","2.45e-2"
"UP_KW_BIOLOGICAL_PROCESS","Sterol biosynthesis","0.31%","8","1528","27","11473","5.84e-2","3.44e-1","2.22","1.00e+0","3.14e-1","2.08e-2"
"GOTERM_BP_DIRECT","positive regulation of apoptotic signaling pathway","0.31%","8","2485","42","29712","5.76e-2","5.60e-1","2.28","1.00e+0","5.42e-1","2.14e-2"
"GOTERM_BP_DIRECT","actin filament bundle assembly","0.31%","8","2485","42","29712","5.76e-2","5.60e-1","2.28","1.00e+0","5.42e-1","2.14e-2"
"GOTERM_MF_DIRECT","membrane scission GTPase motor activity","0.31%","8","2457","41","28924","5.53e-2","4.16e-1","2.30","1.00e+0","3.88e-1","2.03e-2"
"GOTERM_MF_DIRECT","protein kinase activator activity","0.31%","8","2457","41","28924","5.53e-2","4.16e-1","2.30","1.00e+0","3.88e-1","2.03e-2"
"INTERPRO","Sugar_transporter_CS","0.31%","8","2526","31","22271","5.47e-2","1.00e+0","2.28","1.00e+0","9.99e-1","1.95e-2"
"GOTERM_BP_DIRECT","positive regulation of innate immune response","0.31%","8","2485","41","29712","5.16e-2","5.35e-1","2.33","1.00e+0","5.18e-1","1.87e-2"
"GOTERM_BP_DIRECT","cholesterol biosynthetic process","0.31%","8","2485","41","29712","5.16e-2","5.35e-1","2.33","1.00e+0","5.18e-1","1.87e-2"
"GOTERM_BP_DIRECT","blastocyst development","0.31%","8","2485","41","29712","5.16e-2","5.35e-1","2.33","1.00e+0","5.18e-1","1.87e-2"
"GOTERM_BP_DIRECT","regulation of insulin secretion","0.31%","8","2485","41","29712","5.16e-2","5.35e-1","2.33","1.00e+0","5.18e-1","1.87e-2"
"GOTERM_BP_DIRECT","intrinsic apoptotic signaling pathway","0.31%","8","2485","41","29712","5.16e-2","5.35e-1","2.33","1.00e+0","5.18e-1","1.87e-2"
"GOTERM_BP_DIRECT","extrinsic apoptotic signaling pathway via death domain receptors","0.31%","8","2485","41","29712","5.16e-2","5.35e-1","2.33","1.00e+0","5.18e-1","1.87e-2"
"GOTERM_BP_DIRECT","positive regulation of interleukin-2 production","0.31%","8","2485","41","29712","5.16e-2","5.35e-1","2.33","1.00e+0","5.18e-1","1.87e-2"
"GOTERM_BP_DIRECT","cellular response to estradiol stimulus","0.31%","8","2485","41","29712","5.16e-2","5.35e-1","2.33","1.00e+0","5.18e-1","1.87e-2"
"GOTERM_CC_DIRECT","cyclin-dependent protein kinase holoenzyme complex","0.31%","8","2509","40","29722","4.79e-2","2.72e-1","2.37","1.00e+0","2.41e-1","1.71e-2"
"INTERPRO","AB_hydrolase_1","0.31%","8","2526","30","22271","4.68e-2","1.00e+0","2.35","1.00e+0","9.99e-1","1.61e-2"
"GOTERM_BP_DIRECT","intrinsic apoptotic signaling pathway by p53 class mediator","0.31%","8","2485","39","29712","4.07e-2","4.59e-1","2.45","1.00e+0","4.45e-1","1.40e-2"
"GOTERM_BP_DIRECT","regulation of canonical NF-kappaB signal transduction","0.31%","8","2485","39","29712","4.07e-2","4.59e-1","2.45","1.00e+0","4.45e-1","1.40e-2"
"UP_KW_MOLECULAR_FUNCTION","Aminopeptidase","0.31%","8","1476","28","12454","4.07e-2","1.40e-1","2.41","9.79e-1","1.06e-1","1.34e-2"
"GOTERM_BP_DIRECT","positive regulation of osteoclast differentiation","0.31%","8","2485","38","29712","3.59e-2","4.33e-1","2.52","1.00e+0","4.20e-1","1.19e-2"
"INTERPRO","DAG/PE-bd","0.31%","8","2526","28","22271","3.32e-2","1.00e+0","2.52","1.00e+0","9.99e-1","1.05e-2"
"INTERPRO","EPHD","0.31%","8","2526","28","22271","3.32e-2","1.00e+0","2.52","1.00e+0","9.99e-1","1.05e-2"
"GOTERM_BP_DIRECT","protein localization to cell surface","0.31%","8","2485","37","29712","3.15e-2","4.00e-1","2.59","1.00e+0","3.87e-1","1.02e-2"
"GOTERM_BP_DIRECT","intracellular transport","0.31%","8","2485","37","29712","3.15e-2","4.00e-1","2.59","1.00e+0","3.87e-1","1.02e-2"
"GOTERM_BP_DIRECT","transcription elongation by RNA polymerase II","0.31%","8","2485","37","29712","3.15e-2","4.00e-1","2.59","1.00e+0","3.87e-1","1.02e-2"
"GOTERM_BP_DIRECT","membrane fusion","0.31%","8","2485","37","29712","3.15e-2","4.00e-1","2.59","1.00e+0","3.87e-1","1.02e-2"
"UP_SEQ_FEATURE","DOMAIN:WW 2","0.31%","8","2463","28","22253","2.95e-2","1.00e+0","2.58","1.00e+0","9.95e-1","9.06e-3"
"UP_SEQ_FEATURE","DOMAIN:AB hydrolase-1","0.31%","8","2463","28","22253","2.95e-2","1.00e+0","2.58","1.00e+0","9.95e-1","9.06e-3"
"UP_SEQ_FEATURE","DOMAIN:WW 1","0.31%","8","2463","28","22253","2.95e-2","1.00e+0","2.58","1.00e+0","9.95e-1","9.06e-3"
"INTERPRO","Sm","0.31%","8","2526","27","22271","2.75e-2","1.00e+0","2.61","1.00e+0","9.99e-1","8.28e-3"
"GOTERM_BP_DIRECT","nucleotide-excision repair","0.31%","8","2485","36","29712","2.75e-2","3.67e-1","2.66","1.00e+0","3.56e-1","8.58e-3"
"GOTERM_BP_DIRECT","positive regulation of cytokinesis","0.31%","8","2485","36","29712","2.75e-2","3.67e-1","2.66","1.00e+0","3.56e-1","8.58e-3"
"GOTERM_BP_DIRECT","gastrulation","0.31%","8","2485","36","29712","2.75e-2","3.67e-1","2.66","1.00e+0","3.56e-1","8.58e-3"
"GOTERM_BP_DIRECT","positive regulation of mRNA splicing, via spliceosome","0.31%","8","2485","36","29712","2.75e-2","3.67e-1","2.66","1.00e+0","3.56e-1","8.58e-3"
"GOTERM_BP_DIRECT","lipid storage","0.31%","8","2485","36","29712","2.75e-2","3.67e-1","2.66","1.00e+0","3.56e-1","8.58e-3"
"GOTERM_MF_DIRECT","NF-kappaB binding","0.31%","8","2457","35","28924","2.57e-2","2.34e-1","2.69","1.00e+0","2.19e-1","7.88e-3"
"UP_SEQ_FEATURE","DOMAIN:Sm","0.31%","8","2463","27","22253","2.44e-2","1.00e+0","2.68","1.00e+0","9.95e-1","7.15e-3"
"GOTERM_BP_DIRECT","transcription initiation at RNA polymerase II promoter","0.31%","8","2485","35","29712","2.38e-2","3.40e-1","2.73","1.00e+0","3.29e-1","7.19e-3"
"GOTERM_BP_DIRECT","macrophage differentiation","0.31%","8","2485","35","29712","2.38e-2","3.40e-1","2.73","1.00e+0","3.29e-1","7.19e-3"
"GOTERM_BP_DIRECT","double-strand break repair via nonhomologous end joining","0.31%","8","2485","35","29712","2.38e-2","3.40e-1","2.73","1.00e+0","3.29e-1","7.19e-3"
"INTERPRO","T_SNARE_dom","0.31%","8","2526","26","22271","2.25e-2","1.00e+0","2.71","1.00e+0","9.99e-1","6.45e-3"
"GOTERM_BP_DIRECT","cellular response to gamma radiation","0.31%","8","2485","34","29712","2.05e-2","3.05e-1","2.81","1.00e+0","2.95e-1","5.97e-3"
"GOTERM_BP_DIRECT","decidualization","0.31%","8","2485","34","29712","2.05e-2","3.05e-1","2.81","1.00e+0","2.95e-1","5.97e-3"
"GOTERM_BP_DIRECT","ATP metabolic process","0.31%","8","2485","34","29712","2.05e-2","3.05e-1","2.81","1.00e+0","2.95e-1","5.97e-3"
"GOTERM_MF_DIRECT","nuclear androgen receptor binding","0.31%","8","2457","33","28924","1.89e-2","1.90e-1","2.85","1.00e+0","1.78e-1","5.41e-3"
"GOTERM_CC_DIRECT","mitochondrial small ribosomal subunit","0.31%","8","2509","33","29722","1.83e-2","1.33e-1","2.87","1.00e+0","1.18e-1","5.21e-3"
"GOTERM_BP_DIRECT","positive regulation of mitotic nuclear division","0.31%","8","2485","33","29712","1.75e-2","2.77e-1","2.90","1.00e+0","2.69e-1","4.92e-3"
"GOTERM_BP_DIRECT","response to tumor necrosis factor","0.31%","8","2485","33","29712","1.75e-2","2.77e-1","2.90","1.00e+0","2.69e-1","4.92e-3"
"UP_SEQ_FEATURE","DOMAIN:DHHC","0.31%","8","2463","25","22253","1.60e-2","1.00e+0","2.89","1.00e+0","9.95e-1","4.26e-3"
"GOTERM_CC_DIRECT","phagophore assembly site","0.31%","8","2509","32","29722","1.55e-2","1.16e-1","2.96","1.00e+0","1.03e-1","4.25e-3"
"GOTERM_MF_DIRECT","S-adenosylmethionine-dependent methyltransferase activity","0.31%","8","2457","31","28924","1.35e-2","1.46e-1","3.04","1.00e+0","1.36e-1","3.58e-3"
"SMART","TIR","0.31%","8","1284","23","10943","1.35e-2","7.19e-1","2.96","9.99e-1","7.18e-1","3.40e-3"
"GOTERM_BP_DIRECT","protein sumoylation","0.31%","8","2485","31","29712","1.24e-2","2.19e-1","3.09","1.00e+0","2.12e-1","3.25e-3"
"INTERPRO","HATPase_C_sf","0.31%","8","2526","23","22271","1.13e-2","1.00e+0","3.07","1.00e+0","9.99e-1","2.76e-3"
"GOTERM_BP_DIRECT","regulation of glucose metabolic process","0.31%","8","2485","30","29712","1.04e-2","1.92e-1","3.19","1.00e+0","1.86e-1","2.60e-3"
"GOTERM_BP_DIRECT","positive regulation of glial cell proliferation","0.31%","8","2485","30","29712","1.04e-2","1.92e-1","3.19","1.00e+0","1.86e-1","2.60e-3"
"GOTERM_BP_DIRECT","negative regulation of type I interferon production","0.31%","8","2485","30","29712","1.04e-2","1.92e-1","3.19","1.00e+0","1.86e-1","2.60e-3"
"GOTERM_BP_DIRECT","RNA catabolic process","0.31%","8","2485","29","29712","8.55e-3","1.78e-1","3.30","1.00e+0","1.72e-1","2.05e-3"
"GOTERM_BP_DIRECT","regulation of reactive oxygen species metabolic process","0.31%","8","2485","29","29712","8.55e-3","1.78e-1","3.30","1.00e+0","1.72e-1","2.05e-3"
"GOTERM_BP_DIRECT","positive regulation of gluconeogenesis","0.31%","8","2485","29","29712","8.55e-3","1.78e-1","3.30","1.00e+0","1.72e-1","2.05e-3"
"GOTERM_MF_DIRECT","iron-sulfur cluster binding","0.31%","8","2457","28","28924","7.59e-3","9.17e-2","3.36","1.00e+0","8.56e-2","1.77e-3"
"GOTERM_MF_DIRECT","poly(U) RNA binding","0.31%","8","2457","28","28924","7.59e-3","9.17e-2","3.36","1.00e+0","8.56e-2","1.77e-3"
"GOTERM_CC_DIRECT","lysosomal lumen","0.31%","8","2509","28","29722","7.34e-3","6.78e-2","3.38","1.00e+0","6.01e-2","1.70e-3"
"GOTERM_BP_DIRECT","stress granule assembly","0.31%","8","2485","28","29712","6.98e-3","1.54e-1","3.42","1.00e+0","1.50e-1","1.60e-3"
"GOTERM_BP_DIRECT","natural killer cell differentiation","0.31%","8","2485","28","29712","6.98e-3","1.54e-1","3.42","1.00e+0","1.50e-1","1.60e-3"
"GOTERM_BP_DIRECT","iron-sulfur cluster assembly","0.31%","8","2485","28","29712","6.98e-3","1.54e-1","3.42","1.00e+0","1.50e-1","1.60e-3"
"INTERPRO","Tripartite_DENN","0.31%","8","2526","21","22271","6.58e-3","1.00e+0","3.36","1.00e+0","9.99e-1","1.41e-3"
"GOTERM_CC_DIRECT","protein folding chaperone complex","0.31%","8","2509","27","29722","5.93e-3","5.72e-2","3.51","9.99e-1","5.08e-2","1.31e-3"
"GOTERM_MF_DIRECT","RNA polymerase II core promoter sequence-specific DNA binding","0.31%","8","2457","26","28924","4.90e-3","6.62e-2","3.62","1.00e+0","6.18e-2","1.04e-3"
"INTERPRO","T_Tr_GTP-bd_dom","0.31%","8","2526","20","22271","4.86e-3","1.00e+0","3.53","1.00e+0","9.99e-1","9.68e-4"
"GOTERM_BP_DIRECT","vesicle transport along microtubule","0.31%","8","2485","26","29712","4.50e-3","1.14e-1","3.68","1.00e+0","1.10e-1","9.37e-4"
"GOTERM_BP_DIRECT","post-translational protein modification","0.31%","8","2485","26","29712","4.50e-3","1.14e-1","3.68","1.00e+0","1.10e-1","9.37e-4"
"GOTERM_BP_DIRECT","negative regulation of mRNA splicing, via spliceosome","0.31%","8","2485","26","29712","4.50e-3","1.14e-1","3.68","1.00e+0","1.10e-1","9.37e-4"
"GOTERM_BP_DIRECT","protein K48-linked deubiquitination","0.31%","8","2485","26","29712","4.50e-3","1.14e-1","3.68","1.00e+0","1.10e-1","9.37e-4"
"GOTERM_MF_DIRECT","xenobiotic transmembrane transporter activity","0.31%","8","2457","25","28924","3.86e-3","5.43e-2","3.77","1.00e+0","5.07e-2","7.76e-4"
"UP_SEQ_FEATURE","DOMAIN:tr-type G","0.31%","8","2463","19","22253","3.04e-3","4.23e-1","3.80","1.00e+0","4.21e-1","5.46e-4"
"GOTERM_MF_DIRECT","phosphatidylinositol phosphate binding","0.31%","8","2457","24","28924","3.00e-3","4.30e-2","3.92","9.98e-1","4.02e-2","5.70e-4"
"GOTERM_BP_DIRECT","DNA repair-dependent chromatin remodeling","0.31%","8","2485","24","29712","2.74e-3","8.19e-2","3.99","1.00e+0","7.94e-2","5.13e-4"
"GOTERM_BP_DIRECT","tRNA modification","0.31%","8","2485","24","29712","2.74e-3","8.19e-2","3.99","1.00e+0","7.94e-2","5.13e-4"
"UP_SEQ_FEATURE","MOTIF:LXXLL motif","0.31%","8","2463","18","22253","2.12e-3","3.30e-1","4.02","1.00e+0","3.28e-1","3.50e-4"
"GOTERM_MF_DIRECT","histone H4K16 acetyltransferase activity","0.31%","8","2457","22","28924","1.72e-3","2.65e-2","4.28","9.71e-1","2.47e-2","2.89e-4"
"GOTERM_MF_DIRECT","histone H3K27 acetyltransferase activity","0.31%","8","2457","21","28924","1.26e-3","2.06e-2","4.48","9.25e-1","1.92e-2","1.99e-4"
"GOTERM_MF_DIRECT","histone H2BK5 acetyltransferase activity","0.31%","8","2457","21","28924","1.26e-3","2.06e-2","4.48","9.25e-1","1.92e-2","1.99e-4"
"GOTERM_MF_DIRECT","histone H3K122 acetyltransferase activity","0.31%","8","2457","21","28924","1.26e-3","2.06e-2","4.48","9.25e-1","1.92e-2","1.99e-4"
"GOTERM_MF_DIRECT","histone H2AK5 acetyltransferase activity","0.31%","8","2457","21","28924","1.26e-3","2.06e-2","4.48","9.25e-1","1.92e-2","1.99e-4"
"GOTERM_MF_DIRECT","histone H3K56 acetyltransferase activity","0.31%","8","2457","21","28924","1.26e-3","2.06e-2","4.48","9.25e-1","1.92e-2","1.99e-4"
"GOTERM_MF_DIRECT","histone H2BK12 acetyltransferase activity","0.31%","8","2457","21","28924","1.26e-3","2.06e-2","4.48","9.25e-1","1.92e-2","1.99e-4"
"GOTERM_MF_DIRECT","lysophospholipase activity","0.31%","8","2457","21","28924","1.26e-3","2.06e-2","4.48","9.25e-1","1.92e-2","1.99e-4"
"GOTERM_MF_DIRECT","histone H3K23 acetyltransferase activity","0.31%","8","2457","21","28924","1.26e-3","2.06e-2","4.48","9.25e-1","1.92e-2","1.99e-4"
"GOTERM_MF_DIRECT","histone H2AK9 acetyltransferase activity","0.31%","8","2457","21","28924","1.26e-3","2.06e-2","4.48","9.25e-1","1.92e-2","1.99e-4"
"GOTERM_MF_DIRECT","histone H3K4 acetyltransferase activity","0.31%","8","2457","21","28924","1.26e-3","2.06e-2","4.48","9.25e-1","1.92e-2","1.99e-4"
"GOTERM_MF_DIRECT","histone H3K36 acetyltransferase activity","0.31%","8","2457","21","28924","1.26e-3","2.06e-2","4.48","9.25e-1","1.92e-2","1.99e-4"
"GOTERM_MF_DIRECT","histone H3K18 acetyltransferase activity","0.31%","8","2457","21","28924","1.26e-3","2.06e-2","4.48","9.25e-1","1.92e-2","1.99e-4"
"GOTERM_MF_DIRECT","histone H3K9 acetyltransferase activity","0.31%","8","2457","21","28924","1.26e-3","2.06e-2","4.48","9.25e-1","1.92e-2","1.99e-4"
"GOTERM_CC_DIRECT","U2 snRNP","0.31%","8","2509","21","29722","1.22e-3","1.70e-2","4.51","7.37e-1","1.51e-2","1.90e-4"
"GOTERM_BP_DIRECT","regulation of tumor necrosis factor production","0.31%","8","2485","21","29712","1.15e-3","4.67e-2","4.55","9.99e-1","4.52e-2","1.78e-4"
"GOTERM_MF_DIRECT","2-oxoglutarate-dependent dioxygenase activity","0.31%","8","2457","20","28924","9.07e-4","1.72e-2","4.71","8.45e-1","1.61e-2","1.33e-4"
"GOTERM_BP_DIRECT","negative regulation of receptor signaling pathway via JAK-STAT","0.31%","8","2485","20","29712","8.27e-4","3.72e-2","4.78","9.94e-1","3.61e-2","1.19e-4"
"UP_SEQ_FEATURE","DOMAIN:Tr-type G","0.31%","8","2463","15","22253","5.78e-4","1.05e-1","4.82","9.53e-1","1.05e-1","6.99e-5"
"GOTERM_BP_DIRECT","maturation of SSU-rRNA","0.31%","8","2485","18","29712","3.94e-4","2.26e-2","5.31","9.10e-1","2.18e-2","4.82e-5"
"GOTERM_BP_DIRECT","protein localization to site of double-strand break","0.31%","8","2485","17","29712","2.59e-4","1.66e-2","5.63","7.96e-1","1.60e-2","2.89e-5"
"GOTERM_CC_DIRECT","Ino80 complex","0.31%","8","2509","16","29722","1.74e-4","3.19e-3","5.92","1.74e-1","2.83e-3","1.77e-5"
"GOTERM_BP_DIRECT","lysosomal lumen acidification","0.31%","8","2485","16","29712","1.64e-4","1.19e-2","5.98","6.35e-1","1.15e-2","1.65e-5"
"GOTERM_CC_DIRECT","ATAC complex","0.31%","8","2509","14","29722","6.09e-5","1.24e-3","6.77","6.46e-2","1.10e-3","4.81e-6"
"GOTERM_BP_DIRECT","positive regulation of rRNA processing","0.31%","8","2485","10","29712","2.71e-6","4.10e-4","9.57","1.65e-2","3.97e-4","9.14e-8"
"GOTERM_CC_DIRECT","Golgi stack","0.27%","7","2509","38","29722","9.68e-2","4.17e-1","2.18","1.00e+0","3.70e-1","3.76e-2"
"GOTERM_BP_DIRECT","myeloid cell differentiation","0.27%","7","2485","38","29712","9.36e-2","7.25e-1","2.20","1.00e+0","7.02e-1","3.60e-2"
"GOTERM_BP_DIRECT","protein export from nucleus","0.27%","7","2485","38","29712","9.36e-2","7.25e-1","2.20","1.00e+0","7.02e-1","3.60e-2"
"GOTERM_BP_DIRECT","blood vessel morphogenesis","0.27%","7","2485","38","29712","9.36e-2","7.25e-1","2.20","1.00e+0","7.02e-1","3.60e-2"
"GOTERM_BP_DIRECT","positive regulation of neutrophil chemotaxis","0.27%","7","2485","38","29712","9.36e-2","7.25e-1","2.20","1.00e+0","7.02e-1","3.60e-2"
"BIOCARTA","METS affect on Macrophage Differentiation","0.27%","7","211","20","1286","9.25e-2","1.00e+0","2.13","1.00e+0","1.00e+0","3.32e-2"
"INTERPRO","NUDIX_hydrolase_dom","0.27%","7","2526","28","22271","8.98e-2","1.00e+0","2.20","1.00e+0","9.99e-1","3.32e-2"
"INTERPRO","SCAN-C2H2_zinc_finger","0.27%","7","2526","28","22271","8.98e-2","1.00e+0","2.20","1.00e+0","9.99e-1","3.32e-2"
"INTERPRO","Longin-like_dom_sf","0.27%","7","2526","28","22271","8.98e-2","1.00e+0","2.20","1.00e+0","9.99e-1","3.32e-2"
"GOTERM_MF_DIRECT","RNA polymerase II CTD heptapeptide repeat P3 isomerase activity","0.27%","7","2457","37","28924","8.95e-2","5.54e-1","2.23","1.00e+0","5.17e-1","3.40e-2"
"GOTERM_MF_DIRECT","RNA polymerase II CTD heptapeptide repeat P6 isomerase activity","0.27%","7","2457","37","28924","8.95e-2","5.54e-1","2.23","1.00e+0","5.17e-1","3.40e-2"
"SMART","HECTc","0.27%","7","1284","27","10943","8.82e-2","1.00e+0","2.21","1.00e+0","1.00e+0","3.24e-2"
"GOTERM_BP_DIRECT","interleukin-6 production","0.27%","7","2485","37","29712","8.45e-2","6.80e-1","2.26","1.00e+0","6.59e-1","3.16e-2"
"UP_SEQ_FEATURE","DOMAIN:Nudix hydrolase","0.27%","7","2463","28","22253","8.18e-2","1.00e+0","2.26","1.00e+0","9.95e-1","2.95e-2"
"INTERPRO","HECT_dom","0.27%","7","2526","27","22271","7.77e-2","1.00e+0","2.29","1.00e+0","9.99e-1","2.75e-2"
"INTERPRO","Hect_E3_ubiquitin_ligase","0.27%","7","2526","27","22271","7.77e-2","1.00e+0","2.29","1.00e+0","9.99e-1","2.75e-2"
"GOTERM_BP_DIRECT","motor behavior","0.27%","7","2485","36","29712","7.59e-2","6.52e-1","2.32","1.00e+0","6.32e-1","2.75e-2"
"GOTERM_BP_DIRECT","positive regulation of DNA replication","0.27%","7","2485","36","29712","7.59e-2","6.52e-1","2.32","1.00e+0","6.32e-1","2.75e-2"
"GOTERM_BP_DIRECT","microtubule-based process","0.27%","7","2485","36","29712","7.59e-2","6.52e-1","2.32","1.00e+0","6.32e-1","2.75e-2"
"BIOCARTA","Telomeres, Telomerase, Cellular Aging, and  Immortality","0.27%","7","211","19","1286","7.45e-2","1.00e+0","2.25","1.00e+0","1.00e+0","2.50e-2"
"GOTERM_MF_DIRECT","protein sequestering activity","0.27%","7","2457","35","28924","7.20e-2","4.86e-1","2.35","1.00e+0","4.54e-1","2.57e-2"
"UP_SEQ_FEATURE","DOMAIN:HECT","0.27%","7","2463","27","22253","7.06e-2","1.00e+0","2.34","1.00e+0","9.95e-1","2.44e-2"
"GOTERM_BP_DIRECT","positive regulation of TOR signaling","0.27%","7","2485","35","29712","6.78e-2","6.23e-1","2.39","1.00e+0","6.03e-1","2.38e-2"
"GOTERM_BP_DIRECT","embryonic placenta development","0.27%","7","2485","35","29712","6.78e-2","6.23e-1","2.39","1.00e+0","6.03e-1","2.38e-2"
"INTERPRO","Ribsml_uS5_D2-typ_fold_subgr","0.27%","7","2526","26","22271","6.65e-2","1.00e+0","2.37","1.00e+0","9.99e-1","2.25e-2"
"GOTERM_MF_DIRECT","lncRNA binding","0.27%","7","2457","34","28924","6.41e-2","4.41e-1","2.42","1.00e+0","4.12e-1","2.21e-2"
"GOTERM_BP_DIRECT","limb morphogenesis","0.27%","7","2485","34","29712","6.03e-2","5.69e-1","2.46","1.00e+0","5.51e-1","2.05e-2"
"GOTERM_BP_DIRECT","chaperone cofactor-dependent protein refolding","0.27%","7","2485","34","29712","6.03e-2","5.69e-1","2.46","1.00e+0","5.51e-1","2.05e-2"
"INTERPRO","aa-tRNA-synth_II/BPL/LPL","0.27%","7","2526","25","22271","5.64e-2","1.00e+0","2.47","1.00e+0","9.99e-1","1.82e-2"
"INTERPRO","G_patch_dom","0.27%","7","2526","25","22271","5.64e-2","1.00e+0","2.47","1.00e+0","9.99e-1","1.82e-2"
"GOTERM_CC_DIRECT","Flemming body","0.27%","7","2509","33","29722","5.53e-2","2.92e-1","2.51","1.00e+0","2.59e-1","1.83e-2"
"GOTERM_BP_DIRECT","positive regulation of transforming growth factor beta receptor signaling pathway","0.27%","7","2485","33","29712","5.32e-2","5.46e-1","2.54","1.00e+0","5.29e-1","1.75e-2"
"GOTERM_BP_DIRECT","lysosome localization","0.27%","7","2485","33","29712","5.32e-2","5.46e-1","2.54","1.00e+0","5.29e-1","1.75e-2"
"GOTERM_BP_DIRECT","regulatory ncRNA-mediated gene silencing","0.27%","7","2485","33","29712","5.32e-2","5.46e-1","2.54","1.00e+0","5.29e-1","1.75e-2"
"GOTERM_BP_DIRECT","GPI anchor biosynthetic process","0.27%","7","2485","33","29712","5.32e-2","5.46e-1","2.54","1.00e+0","5.29e-1","1.75e-2"
"GOTERM_BP_DIRECT","tricarboxylic acid cycle","0.27%","7","2485","33","29712","5.32e-2","5.46e-1","2.54","1.00e+0","5.29e-1","1.75e-2"
"UP_SEQ_FEATURE","DOMAIN:G-patch","0.27%","7","2463","25","22253","5.10e-2","1.00e+0","2.53","1.00e+0","9.95e-1","1.61e-2"
"INTERPRO","Ub_carboxyl-term_hydrolase","0.27%","7","2526","24","22271","4.72e-2","1.00e+0","2.57","1.00e+0","9.99e-1","1.45e-2"
"INTERPRO","Palmitoyltrfase_DHHC","0.27%","7","2526","24","22271","4.72e-2","1.00e+0","2.57","1.00e+0","9.99e-1","1.45e-2"
"GOTERM_BP_DIRECT","protein localization to membrane","0.27%","7","2485","32","29712","4.67e-2","4.99e-1","2.62","1.00e+0","4.83e-1","1.48e-2"
"GOTERM_BP_DIRECT","response to gamma radiation","0.27%","7","2485","32","29712","4.67e-2","4.99e-1","2.62","1.00e+0","4.83e-1","1.48e-2"
"GOTERM_MF_DIRECT","molecular function activator activity","0.27%","7","2457","31","28924","4.35e-2","3.46e-1","2.66","1.00e+0","3.23e-1","1.35e-2"
"UP_SEQ_FEATURE","REGION:Catalytic","0.27%","7","2463","24","22253","4.26e-2","1.00e+0","2.64","1.00e+0","9.95e-1","1.28e-2"
"GOTERM_BP_DIRECT","protein tetramerization","0.27%","7","2485","31","29712","4.08e-2","4.59e-1","2.70","1.00e+0","4.45e-1","1.25e-2"
"GOTERM_BP_DIRECT","regulation of Rho protein signal transduction","0.27%","7","2485","31","29712","4.08e-2","4.59e-1","2.70","1.00e+0","4.45e-1","1.25e-2"
"GOTERM_BP_DIRECT","cortical actin cytoskeleton organization","0.27%","7","2485","31","29712","4.08e-2","4.59e-1","2.70","1.00e+0","4.45e-1","1.25e-2"
"GOTERM_BP_DIRECT","negative regulation of TOR signaling","0.27%","7","2485","31","29712","4.08e-2","4.59e-1","2.70","1.00e+0","4.45e-1","1.25e-2"
"GOTERM_BP_DIRECT","negative regulation of neurogenesis","0.27%","7","2485","31","29712","4.08e-2","4.59e-1","2.70","1.00e+0","4.45e-1","1.25e-2"
"GOTERM_BP_DIRECT","regulation of peptidyl-tyrosine phosphorylation","0.27%","7","2485","31","29712","4.08e-2","4.59e-1","2.70","1.00e+0","4.45e-1","1.25e-2"
"KEGG_PATHWAY","Mannose type O-glycan biosynthesis","0.27%","7","1084","23","9565","3.87e-2","2.30e-1","2.69","1.00e+0","2.06e-1","1.13e-2"
"GOTERM_BP_DIRECT","regulation of phosphatidylinositol 3-kinase/protein kinase B signal transduction","0.27%","7","2485","30","29712","3.53e-2","4.27e-1","2.79","1.00e+0","4.14e-1","1.04e-2"
"GOTERM_BP_DIRECT","negative regulation of axon extension","0.27%","7","2485","30","29712","3.53e-2","4.27e-1","2.79","1.00e+0","4.14e-1","1.04e-2"
"GOTERM_BP_DIRECT","negative regulation of cytokine production involved in inflammatory response","0.27%","7","2485","30","29712","3.53e-2","4.27e-1","2.79","1.00e+0","4.14e-1","1.04e-2"
"UP_SEQ_FEATURE","ACT_SITE:S-palmitoyl cysteine intermediate","0.27%","7","2463","23","22253","3.51e-2","1.00e+0","2.75","1.00e+0","9.95e-1","9.97e-3"
"UP_SEQ_FEATURE","MOTIF:Nudix box","0.27%","7","2463","23","22253","3.51e-2","1.00e+0","2.75","1.00e+0","9.95e-1","9.97e-3"
"GOTERM_MF_DIRECT","myosin binding","0.27%","7","2457","29","28924","3.24e-2","2.83e-1","2.84","1.00e+0","2.64e-1","9.31e-3"
"INTERPRO","UIM_dom","0.27%","7","2526","22","22271","3.18e-2","1.00e+0","2.81","1.00e+0","9.99e-1","8.74e-3"
"GOTERM_CC_DIRECT","histone methyltransferase complex","0.27%","7","2509","29","29722","3.15e-2","2.11e-1","2.86","1.00e+0","1.87e-1","9.01e-3"
"GOTERM_BP_DIRECT","positive regulation of dendrite extension","0.27%","7","2485","29","29712","3.03e-2","3.94e-1","2.89","1.00e+0","3.82e-1","8.57e-3"
"GOTERM_BP_DIRECT","synaptic vesicle exocytosis","0.27%","7","2485","29","29712","3.03e-2","3.94e-1","2.89","1.00e+0","3.82e-1","8.57e-3"
"GOTERM_BP_DIRECT","spliceosomal snRNP assembly","0.27%","7","2485","29","29712","3.03e-2","3.94e-1","2.89","1.00e+0","3.82e-1","8.57e-3"
"GOTERM_BP_DIRECT","positive regulation of vascular endothelial growth factor production","0.27%","7","2485","29","29712","3.03e-2","3.94e-1","2.89","1.00e+0","3.82e-1","8.57e-3"
"GOTERM_BP_DIRECT","adrenal gland development","0.27%","7","2485","29","29712","3.03e-2","3.94e-1","2.89","1.00e+0","3.82e-1","8.57e-3"
"GOTERM_CC_DIRECT","multivesicular body membrane","0.27%","7","2509","28","29722","2.69e-2","1.83e-1","2.96","1.00e+0","1.63e-1","7.36e-3"
"GOTERM_BP_DIRECT","negative regulation of mitotic cell cycle","0.27%","7","2485","28","29712","2.58e-2","3.54e-1","2.99","1.00e+0","3.43e-1","7.00e-3"
"GOTERM_BP_DIRECT","phosphatidylinositol dephosphorylation","0.27%","7","2485","28","29712","2.58e-2","3.54e-1","2.99","1.00e+0","3.43e-1","7.00e-3"
"GOTERM_BP_DIRECT","regulation of synaptic vesicle endocytosis","0.27%","7","2485","28","29712","2.58e-2","3.54e-1","2.99","1.00e+0","3.43e-1","7.00e-3"
"GOTERM_BP_DIRECT","membrane fission","0.27%","7","2485","27","29712","2.18e-2","3.19e-1","3.10","1.00e+0","3.09e-1","5.65e-3"
"GOTERM_BP_DIRECT","leukocyte migration","0.27%","7","2485","27","29712","2.18e-2","3.19e-1","3.10","1.00e+0","3.09e-1","5.65e-3"
"GOTERM_MF_DIRECT","protein-cysteine S-palmitoyltransferase activity","0.27%","7","2457","26","28924","1.95e-2","1.95e-1","3.17","1.00e+0","1.82e-1","4.91e-3"
"GOTERM_BP_DIRECT","TOR signaling","0.27%","7","2485","26","29712","1.82e-2","2.86e-1","3.22","1.00e+0","2.77e-1","4.51e-3"
"GOTERM_BP_DIRECT","positive regulation of transcription by RNA polymerase I","0.27%","7","2485","26","29712","1.82e-2","2.86e-1","3.22","1.00e+0","2.77e-1","4.51e-3"
"GOTERM_BP_DIRECT","regulation of translational initiation","0.27%","7","2485","26","29712","1.82e-2","2.86e-1","3.22","1.00e+0","2.77e-1","4.51e-3"
"UP_SEQ_FEATURE","DOMAIN:uDENN","0.27%","7","2463","20","22253","1.80e-2","1.00e+0","3.16","1.00e+0","9.95e-1","4.24e-3"
"UP_SEQ_FEATURE","DOMAIN:cDENN","0.27%","7","2463","20","22253","1.80e-2","1.00e+0","3.16","1.00e+0","9.95e-1","4.24e-3"
"UP_SEQ_FEATURE","DOMAIN:dDENN","0.27%","7","2463","20","22253","1.80e-2","1.00e+0","3.16","1.00e+0","9.95e-1","4.24e-3"
"GOTERM_MF_DIRECT","K63-linked polyubiquitin modification-dependent protein binding","0.27%","7","2457","25","28924","1.61e-2","1.71e-1","3.30","1.00e+0","1.59e-1","3.87e-3"
"INTERPRO","PUA-like_sf","0.27%","7","2526","19","22271","1.55e-2","1.00e+0","3.25","1.00e+0","9.99e-1","3.50e-3"
"GOTERM_BP_DIRECT","entrainment of circadian clock by photoperiod","0.27%","7","2485","25","29712","1.50e-2","2.49e-1","3.35","1.00e+0","2.41e-1","3.55e-3"
"GOTERM_BP_DIRECT","DNA-templated transcription initiation","0.27%","7","2485","24","29712","1.23e-2","2.17e-1","3.49","1.00e+0","2.10e-1","2.75e-3"
"INTERPRO","GTP-bd","0.27%","7","2526","18","22271","1.17e-2","1.00e+0","3.43","1.00e+0","9.99e-1","2.45e-3"
"UP_SEQ_FEATURE","DOMAIN:UDENN","0.27%","7","2463","18","22253","1.04e-2","8.49e-1","3.51","1.00e+0","8.45e-1","2.12e-3"
"GOTERM_CC_DIRECT","Golgi medial cisterna","0.27%","7","2509","23","29722","1.03e-2","8.59e-2","3.61","1.00e+0","7.62e-2","2.21e-3"
"GOTERM_BP_DIRECT","phosphatidic acid biosynthetic process","0.27%","7","2485","23","29712","9.89e-3","1.91e-1","3.64","1.00e+0","1.85e-1","2.10e-3"
"GOTERM_BP_DIRECT","positive regulation of lipid biosynthetic process","0.27%","7","2485","23","29712","9.89e-3","1.91e-1","3.64","1.00e+0","1.85e-1","2.10e-3"
"GOTERM_BP_DIRECT","interleukin-1-mediated signaling pathway","0.27%","7","2485","23","29712","9.89e-3","1.91e-1","3.64","1.00e+0","1.85e-1","2.10e-3"
"GOTERM_MF_DIRECT","core promoter sequence-specific DNA binding","0.27%","7","2457","22","28924","8.46e-3","1.01e-1","3.75","1.00e+0","9.43e-2","1.72e-3"
"GOTERM_MF_DIRECT","protein-disulfide reductase activity","0.27%","7","2457","22","28924","8.46e-3","1.01e-1","3.75","1.00e+0","9.43e-2","1.72e-3"
"GOTERM_BP_DIRECT","negative regulation of telomere maintenance via telomerase","0.27%","7","2485","22","29712","7.85e-3","1.69e-1","3.80","1.00e+0","1.63e-1","1.57e-3"
"UP_SEQ_FEATURE","REGION:RNA-binding","0.27%","7","2463","17","22253","7.66e-3","7.65e-1","3.72","1.00e+0","7.61e-1","1.43e-3"
"GOTERM_MF_DIRECT","SUMO transferase activity","0.27%","7","2457","21","28924","6.62e-3","8.39e-2","3.92","1.00e+0","7.83e-2","1.26e-3"
"GOTERM_MF_DIRECT","ribosomal small subunit binding","0.27%","7","2457","21","28924","6.62e-3","8.39e-2","3.92","1.00e+0","7.83e-2","1.26e-3"
"GOTERM_BP_DIRECT","glycosylation","0.27%","7","2485","21","29712","6.14e-3","1.45e-1","3.99","1.00e+0","1.40e-1","1.15e-3"
"GOTERM_BP_DIRECT","centrosome localization","0.27%","7","2485","21","29712","6.14e-3","1.45e-1","3.99","1.00e+0","1.40e-1","1.15e-3"
"GOTERM_MF_DIRECT","nuclear glucocorticoid receptor binding","0.27%","7","2457","20","28924","5.09e-3","6.78e-2","4.12","1.00e+0","6.33e-2","9.09e-4"
"GOTERM_MF_DIRECT","NAD+ nucleosidase activity, cyclic ADP-ribose generating","0.27%","7","2457","20","28924","5.09e-3","6.78e-2","4.12","1.00e+0","6.33e-2","9.09e-4"
"SMART","PINT","0.27%","7","1284","15","10943","5.03e-3","4.40e-1","3.98","9.35e-1","4.39e-1","8.25e-4"
"GOTERM_CC_DIRECT","precatalytic spliceosome","0.27%","7","2509","19","29722","3.72e-3","4.00e-2","4.36","9.83e-1","3.55e-2","6.14e-4"
"GOTERM_BP_DIRECT","granulocyte differentiation","0.27%","7","2485","19","29712","3.55e-3","9.88e-2","4.41","1.00e+0","9.57e-2","5.80e-4"
"GOTERM_BP_DIRECT","anterograde synaptic vesicle transport","0.27%","7","2485","19","29712","3.55e-3","9.88e-2","4.41","1.00e+0","9.57e-2","5.80e-4"
"GOTERM_BP_DIRECT","negative regulation of viral transcription","0.27%","7","2485","18","29712","2.61e-3","8.07e-2","4.65","1.00e+0","7.82e-2","3.95e-4"
"GOTERM_BP_DIRECT","tail-anchored membrane protein insertion into ER membrane","0.27%","7","2485","18","29712","2.61e-3","8.07e-2","4.65","1.00e+0","7.82e-2","3.95e-4"
"GOTERM_BP_DIRECT","regulation of chromosome organization","0.27%","7","2485","18","29712","2.61e-3","8.07e-2","4.65","1.00e+0","7.82e-2","3.95e-4"
"GOTERM_BP_DIRECT","positive regulation of double-strand break repair via nonhomologous end joining","0.27%","7","2485","18","29712","2.61e-3","8.07e-2","4.65","1.00e+0","7.82e-2","3.95e-4"
"GOTERM_MF_DIRECT","membrane insertase activity","0.27%","7","2457","17","28924","2.03e-3","3.08e-2","4.85","9.84e-1","2.88e-2","2.86e-4"
"GOTERM_BP_DIRECT","chemokine production","0.27%","7","2485","17","29712","1.87e-3","6.51e-2","4.92","1.00e+0","6.31e-2","2.60e-4"
"GOTERM_BP_DIRECT","protein O-linked mannosylation","0.27%","7","2485","17","29712","1.87e-3","6.51e-2","4.92","1.00e+0","6.31e-2","2.60e-4"
"GOTERM_CC_DIRECT","exosome (RNase complex)","0.27%","7","2509","16","29722","1.37e-3","1.85e-2","5.18","7.77e-1","1.64e-2","1.75e-4"
"GOTERM_BP_DIRECT","regulation of DNA strand elongation","0.27%","7","2485","16","29712","1.30e-3","5.02e-2","5.23","1.00e+0","4.86e-2","1.65e-4"
"GOTERM_BP_DIRECT","P-body assembly","0.27%","7","2485","16","29712","1.30e-3","5.02e-2","5.23","1.00e+0","4.86e-2","1.65e-4"
"GOTERM_BP_DIRECT","cytoplasmic pattern recognition receptor signaling pathway","0.27%","7","2485","16","29712","1.30e-3","5.02e-2","5.23","1.00e+0","4.86e-2","1.65e-4"
"GOTERM_MF_DIRECT","NAD+-protein mono-ADP-ribosyltransferase activity","0.27%","7","2457","15","28924","9.51e-4","1.79e-2","5.49","8.58e-1","1.67e-2","1.10e-4"
"GOTERM_BP_DIRECT","positive regulation of telomere maintenance in response to DNA damage","0.27%","7","2485","15","29712","8.76e-4","3.86e-2","5.58","9.95e-1","3.74e-2","1.00e-4"
"GOTERM_BP_DIRECT","maintenance of blood-brain barrier","0.27%","7","2485","13","29712","3.48e-4","2.03e-2","6.44","8.81e-1","1.96e-2","3.10e-5"
"GOTERM_BP_DIRECT","regulation of cellular senescence","0.27%","7","2485","13","29712","3.48e-4","2.03e-2","6.44","8.81e-1","1.96e-2","3.10e-5"
"GOTERM_BP_DIRECT","regulation of DNA biosynthetic process","0.27%","7","2485","10","29712","5.30e-5","4.58e-3","8.37","2.77e-1","4.43e-3","2.72e-6"
"INTERPRO","LSM_dom_sf","0.24%","6","2526","22","22271","9.55e-2","1.00e+0","2.40","1.00e+0","9.99e-1","3.18e-2"
"INTERPRO","SAP_dom","0.24%","6","2526","22","22271","9.55e-2","1.00e+0","2.40","1.00e+0","9.99e-1","3.18e-2"
"GOTERM_MF_DIRECT","cyclin-dependent protein serine/threonine kinase activity","0.24%","6","2457","29","28924","9.47e-2","5.72e-1","2.44","1.00e+0","5.34e-1","3.24e-2"
"GOTERM_BP_DIRECT","positive regulation of NLRP3 inflammasome complex assembly","0.24%","6","2485","29","29712","8.99e-2","7.06e-1","2.47","1.00e+0","6.84e-1","3.03e-2"
"GOTERM_BP_DIRECT","alternative mRNA splicing, via spliceosome","0.24%","6","2485","29","29712","8.99e-2","7.06e-1","2.47","1.00e+0","6.84e-1","3.03e-2"
"GOTERM_BP_DIRECT","negative regulation of interleukin-2 production","0.24%","6","2485","29","29712","8.99e-2","7.06e-1","2.47","1.00e+0","6.84e-1","3.03e-2"
"GOTERM_BP_DIRECT","cellular response to platelet-derived growth factor stimulus","0.24%","6","2485","29","29712","8.99e-2","7.06e-1","2.47","1.00e+0","6.84e-1","3.03e-2"
"GOTERM_MF_DIRECT","protein serine/threonine kinase binding","0.24%","6","2457","28","28924","8.39e-2","5.34e-1","2.52","1.00e+0","4.99e-1","2.77e-2"
"GOTERM_BP_DIRECT","negative regulation of non-canonical NF-kappaB signal transduction","0.24%","6","2485","28","29712","7.97e-2","6.67e-1","2.56","1.00e+0","6.46e-1","2.58e-2"
"GOTERM_BP_DIRECT","plasma membrane repair","0.24%","6","2485","28","29712","7.97e-2","6.67e-1","2.56","1.00e+0","6.46e-1","2.58e-2"
"GOTERM_BP_DIRECT","muscle cell cellular homeostasis","0.24%","6","2485","28","29712","7.97e-2","6.67e-1","2.56","1.00e+0","6.46e-1","2.58e-2"
"GOTERM_BP_DIRECT","Golgi to plasma membrane transport","0.24%","6","2485","28","29712","7.97e-2","6.67e-1","2.56","1.00e+0","6.46e-1","2.58e-2"
"GOTERM_BP_DIRECT","positive regulation of intracellular protein transport","0.24%","6","2485","28","29712","7.97e-2","6.67e-1","2.56","1.00e+0","6.46e-1","2.58e-2"
"SMART","t_SNARE","0.24%","6","1284","20","10943","7.62e-2","1.00e+0","2.56","1.00e+0","1.00e+0","2.34e-2"
"GOTERM_MF_DIRECT","NAD+ poly-ADP-ribosyltransferase activity","0.24%","6","2457","27","28924","7.39e-2","4.96e-1","2.62","1.00e+0","4.63e-1","2.34e-2"
"GOTERM_MF_DIRECT","translation initiation factor binding","0.24%","6","2457","27","28924","7.39e-2","4.96e-1","2.62","1.00e+0","4.63e-1","2.34e-2"
"GOTERM_CC_DIRECT","neuron projection terminus","0.24%","6","2509","27","29722","7.23e-2","3.47e-1","2.63","1.00e+0","3.08e-1","2.27e-2"
"GOTERM_BP_DIRECT","ubiquitin-dependent protein catabolic process via the multivesicular body sorting pathway","0.24%","6","2485","27","29712","7.00e-2","6.28e-1","2.66","1.00e+0","6.08e-1","2.18e-2"
"GOTERM_BP_DIRECT","biosynthetic process","0.24%","6","2485","27","29712","7.00e-2","6.28e-1","2.66","1.00e+0","6.08e-1","2.18e-2"
"GOTERM_BP_DIRECT","macrophage activation","0.24%","6","2485","27","29712","7.00e-2","6.28e-1","2.66","1.00e+0","6.08e-1","2.18e-2"
"GOTERM_BP_DIRECT","positive regulation of intracellular signal transduction","0.24%","6","2485","27","29712","7.00e-2","6.28e-1","2.66","1.00e+0","6.08e-1","2.18e-2"
"INTERPRO","6hp_glycosidase-like_sf","0.24%","6","2526","20","22271","6.78e-2","1.00e+0","2.65","1.00e+0","9.99e-1","2.01e-2"
"UP_SEQ_FEATURE","ZN_FING:Phorbol-ester/DAG-type 1","0.24%","6","2463","20","22253","6.22e-2","1.00e+0","2.71","1.00e+0","9.95e-1","1.80e-2"
"UP_SEQ_FEATURE","ZN_FING:Phorbol-ester/DAG-type 2","0.24%","6","2463","20","22253","6.22e-2","1.00e+0","2.71","1.00e+0","9.95e-1","1.80e-2"
"GOTERM_BP_DIRECT","positive regulation of vascular associated smooth muscle cell migration","0.24%","6","2485","26","29712","6.11e-2","5.71e-1","2.76","1.00e+0","5.53e-1","1.82e-2"
"GOTERM_BP_DIRECT","positive regulation of ubiquitin-dependent protein catabolic process","0.24%","6","2485","26","29712","6.11e-2","5.71e-1","2.76","1.00e+0","5.53e-1","1.82e-2"
"GOTERM_BP_DIRECT","negative regulation of double-strand break repair via homologous recombination","0.24%","6","2485","26","29712","6.11e-2","5.71e-1","2.76","1.00e+0","5.53e-1","1.82e-2"
"GOTERM_BP_DIRECT","intra-Golgi vesicle-mediated transport","0.24%","6","2485","26","29712","6.11e-2","5.71e-1","2.76","1.00e+0","5.53e-1","1.82e-2"
"GOTERM_BP_DIRECT","regulation of small GTPase mediated signal transduction","0.24%","6","2485","26","29712","6.11e-2","5.71e-1","2.76","1.00e+0","5.53e-1","1.82e-2"
"GOTERM_BP_DIRECT","stress fiber assembly","0.24%","6","2485","26","29712","6.11e-2","5.71e-1","2.76","1.00e+0","5.53e-1","1.82e-2"
"INTERPRO","Small_GTPase_ARF","0.24%","6","2526","19","22271","5.59e-2","1.00e+0","2.78","1.00e+0","9.99e-1","1.56e-2"
"INTERPRO","Apc4-like_WD40_dom","0.24%","6","2526","19","22271","5.59e-2","1.00e+0","2.78","1.00e+0","9.99e-1","1.56e-2"
"INTERPRO","GRAM","0.24%","6","2526","19","22271","5.59e-2","1.00e+0","2.78","1.00e+0","9.99e-1","1.56e-2"
"GOTERM_MF_DIRECT","Notch binding","0.24%","6","2457","25","28924","5.59e-2","4.17e-1","2.83","1.00e+0","3.89e-1","1.62e-2"
"GOTERM_MF_DIRECT","RNA polymerase binding","0.24%","6","2457","25","28924","5.59e-2","4.17e-1","2.83","1.00e+0","3.89e-1","1.62e-2"
"GOTERM_BP_DIRECT","regulation of Notch signaling pathway","0.24%","6","2485","25","29712","5.28e-2","5.46e-1","2.87","1.00e+0","5.29e-1","1.51e-2"
"UP_SEQ_FEATURE","REGION:G3","0.24%","6","2463","19","22253","5.11e-2","1.00e+0","2.85","1.00e+0","9.95e-1","1.39e-2"
"GOTERM_MF_DIRECT","nuclear retinoic acid receptor binding","0.24%","6","2457","24","28924","4.79e-2","3.71e-1","2.94","1.00e+0","3.47e-1","1.32e-2"
"GOTERM_MF_DIRECT","nuclear retinoid X receptor binding","0.24%","6","2457","24","28924","4.79e-2","3.71e-1","2.94","1.00e+0","3.47e-1","1.32e-2"
"GOTERM_BP_DIRECT","microtubule nucleation","0.24%","6","2485","24","29712","4.53e-2","4.88e-1","2.99","1.00e+0","4.73e-1","1.23e-2"
"GOTERM_BP_DIRECT","positive regulation of mitochondrial fission","0.24%","6","2485","24","29712","4.53e-2","4.88e-1","2.99","1.00e+0","4.73e-1","1.23e-2"
"GOTERM_BP_DIRECT","regulation of mitochondrion organization","0.24%","6","2485","24","29712","4.53e-2","4.88e-1","2.99","1.00e+0","4.73e-1","1.23e-2"
"GOTERM_BP_DIRECT","positive regulation of calcineurin-NFAT signaling cascade","0.24%","6","2485","24","29712","4.53e-2","4.88e-1","2.99","1.00e+0","4.73e-1","1.23e-2"
"INTERPRO","MPN","0.24%","6","2526","18","22271","4.53e-2","1.00e+0","2.94","1.00e+0","9.99e-1","1.17e-2"
"UP_SEQ_FEATURE","REGION:G2","0.24%","6","2463","18","22253","4.13e-2","1.00e+0","3.01","1.00e+0","9.95e-1","1.05e-2"
"UP_SEQ_FEATURE","DOMAIN:GRAM","0.24%","6","2463","18","22253","4.13e-2","1.00e+0","3.01","1.00e+0","9.95e-1","1.05e-2"
"UP_SEQ_FEATURE","DOMAIN:MPN","0.24%","6","2463","18","22253","4.13e-2","1.00e+0","3.01","1.00e+0","9.95e-1","1.05e-2"
"UP_SEQ_FEATURE","REGION:G4","0.24%","6","2463","18","22253","4.13e-2","1.00e+0","3.01","1.00e+0","9.95e-1","1.05e-2"
"UP_SEQ_FEATURE","REGION:G5","0.24%","6","2463","18","22253","4.13e-2","1.00e+0","3.01","1.00e+0","9.95e-1","1.05e-2"
"UP_SEQ_FEATURE","REGION:G1","0.24%","6","2463","18","22253","4.13e-2","1.00e+0","3.01","1.00e+0","9.95e-1","1.05e-2"
"GOTERM_MF_DIRECT","phospholipase activity","0.24%","6","2457","23","28924","4.07e-2","3.29e-1","3.07","1.00e+0","3.07e-1","1.07e-2"
"GOTERM_BP_DIRECT","melanosome organization","0.24%","6","2485","23","29712","3.84e-2","4.49e-1","3.12","1.00e+0","4.35e-1","9.90e-3"
"GOTERM_BP_DIRECT","midbody abscission","0.24%","6","2485","23","29712","3.84e-2","4.49e-1","3.12","1.00e+0","4.35e-1","9.90e-3"
"GOTERM_BP_DIRECT","lipid biosynthetic process","0.24%","6","2485","23","29712","3.84e-2","4.49e-1","3.12","1.00e+0","4.35e-1","9.90e-3"
"GOTERM_BP_DIRECT","androgen receptor signaling pathway","0.24%","6","2485","23","29712","3.84e-2","4.49e-1","3.12","1.00e+0","4.35e-1","9.90e-3"
"GOTERM_BP_DIRECT","synaptic vesicle transport","0.24%","6","2485","23","29712","3.84e-2","4.49e-1","3.12","1.00e+0","4.35e-1","9.90e-3"
"GOTERM_BP_DIRECT","synaptic vesicle priming","0.24%","6","2485","23","29712","3.84e-2","4.49e-1","3.12","1.00e+0","4.35e-1","9.90e-3"
"GOTERM_CC_DIRECT","Golgi-associated vesicle","0.24%","6","2509","22","29722","3.34e-2","2.18e-1","3.23","1.00e+0","1.93e-1","8.23e-3"
"GOTERM_CC_DIRECT","Sin3-type complex","0.24%","6","2509","22","29722","3.34e-2","2.18e-1","3.23","1.00e+0","1.93e-1","8.23e-3"
"UP_SEQ_FEATURE","DOMAIN:OTU","0.24%","6","2463","17","22253","3.27e-2","1.00e+0","3.19","1.00e+0","9.95e-1","7.68e-3"
"GOTERM_BP_DIRECT","heme biosynthetic process","0.24%","6","2485","22","29712","3.22e-2","4.05e-1","3.26","1.00e+0","3.92e-1","7.87e-3"
"GOTERM_BP_DIRECT","regulation of cell division","0.24%","6","2485","22","29712","3.22e-2","4.05e-1","3.26","1.00e+0","3.92e-1","7.87e-3"
"GOTERM_BP_DIRECT","regulation of protein catabolic process","0.24%","6","2485","22","29712","3.22e-2","4.05e-1","3.26","1.00e+0","3.92e-1","7.87e-3"
"GOTERM_MF_DIRECT","structural constituent of nuclear pore","0.24%","6","2457","21","28924","2.83e-2","2.53e-1","3.36","1.00e+0","2.36e-1","6.63e-3"
"GOTERM_MF_DIRECT","K48-linked deubiquitinase activity","0.24%","6","2457","21","28924","2.83e-2","2.53e-1","3.36","1.00e+0","2.36e-1","6.63e-3"
"UP_KW_DISEASE","Neurodegeneration","0.24%","6","71","11","399","2.82e-2","1.27e-1","3.07","2.27e-1","1.27e-1","5.72e-3"
"INTERPRO","Rab_GAP_TBC_domain","0.24%","6","2526","16","22271","2.79e-2","1.00e+0","3.31","1.00e+0","9.99e-1","6.18e-3"
"INTERPRO","Poly(ADP-ribose)pol_cat_dom","0.24%","6","2526","16","22271","2.79e-2","1.00e+0","3.31","1.00e+0","9.99e-1","6.18e-3"
"GOTERM_CC_DIRECT","transcription elongation factor complex","0.24%","6","2509","21","29722","2.76e-2","1.87e-1","3.38","1.00e+0","1.66e-1","6.43e-3"
"GOTERM_BP_DIRECT","mitotic G2/M transition checkpoint","0.24%","6","2485","21","29712","2.67e-2","3.62e-1","3.42","1.00e+0","3.51e-1","6.15e-3"
"GOTERM_BP_DIRECT","negative regulation of stem cell population maintenance","0.24%","6","2485","21","29712","2.67e-2","3.62e-1","3.42","1.00e+0","3.51e-1","6.15e-3"
"GOTERM_BP_DIRECT","protein palmitoylation","0.24%","6","2485","21","29712","2.67e-2","3.62e-1","3.42","1.00e+0","3.51e-1","6.15e-3"
"GOTERM_BP_DIRECT","TORC1 signaling","0.24%","6","2485","21","29712","2.67e-2","3.62e-1","3.42","1.00e+0","3.51e-1","6.15e-3"
"UP_SEQ_FEATURE","DOMAIN:PARP catalytic","0.24%","6","2463","16","22253","2.54e-2","1.00e+0","3.39","1.00e+0","9.95e-1","5.47e-3"
"SMART","UIM","0.24%","6","1284","15","10943","2.41e-2","9.49e-1","3.41","1.00e+0","9.47e-1","5.05e-3"
"GOTERM_MF_DIRECT","protein transmembrane transporter activity","0.24%","6","2457","20","28924","2.31e-2","2.20e-1","3.53","1.00e+0","2.05e-1","5.10e-3"
"GOTERM_BP_DIRECT","positive regulation of Rac protein signal transduction","0.24%","6","2485","20","29712","2.18e-2","3.19e-1","3.59","1.00e+0","3.09e-1","4.72e-3"
"INTERPRO","OTU_dom","0.24%","6","2526","15","22271","2.11e-2","1.00e+0","3.53","1.00e+0","9.99e-1","4.27e-3"
"GOTERM_MF_DIRECT","protein methyltransferase activity","0.24%","6","2457","19","28924","1.86e-2","1.88e-1","3.72","1.00e+0","1.76e-1","3.84e-3"
"GOTERM_MF_DIRECT","molecular sequestering activity","0.24%","6","2457","19","28924","1.86e-2","1.88e-1","3.72","1.00e+0","1.76e-1","3.84e-3"
"GOTERM_MF_DIRECT","palmitoyltransferase activity","0.24%","6","2457","19","28924","1.86e-2","1.88e-1","3.72","1.00e+0","1.76e-1","3.84e-3"
"GOTERM_BP_DIRECT","positive regulation of transcription by RNA polymerase III","0.24%","6","2485","19","29712","1.75e-2","2.77e-1","3.78","1.00e+0","2.69e-1","3.55e-3"
"GOTERM_BP_DIRECT","vesicle docking","0.24%","6","2485","19","29712","1.75e-2","2.77e-1","3.78","1.00e+0","2.69e-1","3.55e-3"
"INTERPRO","Proton-linked_MCT","0.24%","6","2526","14","22271","1.55e-2","1.00e+0","3.78","1.00e+0","9.99e-1","2.83e-3"
"GOTERM_MF_DIRECT","DNA binding, bending","0.24%","6","2457","18","28924","1.47e-2","1.57e-1","3.92","1.00e+0","1.46e-1","2.83e-3"
"GOTERM_CC_DIRECT","eukaryotic 48S preinitiation complex","0.24%","6","2509","18","29722","1.44e-2","1.09e-1","3.95","1.00e+0","9.68e-2","2.74e-3"
"GOTERM_CC_DIRECT","mitochondrial ribosome","0.24%","6","2509","18","29722","1.44e-2","1.09e-1","3.95","1.00e+0","9.68e-2","2.74e-3"
"GOTERM_BP_DIRECT","3'-UTR-mediated mRNA destabilization","0.24%","6","2485","18","29712","1.38e-2","2.34e-1","3.99","1.00e+0","2.26e-1","2.62e-3"
"GOTERM_BP_DIRECT","retrograde protein transport, ER to cytosol","0.24%","6","2485","18","29712","1.38e-2","2.34e-1","3.99","1.00e+0","2.26e-1","2.62e-3"
"GOTERM_BP_DIRECT","macrophage activation involved in immune response","0.24%","6","2485","18","29712","1.38e-2","2.34e-1","3.99","1.00e+0","2.26e-1","2.62e-3"
"GOTERM_BP_DIRECT","late endosome to lysosome transport","0.24%","6","2485","18","29712","1.38e-2","2.34e-1","3.99","1.00e+0","2.26e-1","2.62e-3"
"GOTERM_BP_DIRECT","protein-containing complex localization","0.24%","6","2485","18","29712","1.38e-2","2.34e-1","3.99","1.00e+0","2.26e-1","2.62e-3"
"GOTERM_BP_DIRECT","positive regulation of cell growth involved in cardiac muscle cell development","0.24%","6","2485","18","29712","1.38e-2","2.34e-1","3.99","1.00e+0","2.26e-1","2.62e-3"
"GOTERM_MF_DIRECT","acetyltransferase activity","0.24%","6","2457","17","28924","1.14e-2","1.26e-1","4.15","1.00e+0","1.18e-1","2.03e-3"
"GOTERM_MF_DIRECT","pyrophosphatase activity","0.24%","6","2457","17","28924","1.14e-2","1.26e-1","4.15","1.00e+0","1.18e-1","2.03e-3"
"GOTERM_CC_DIRECT","proteasome accessory complex","0.24%","6","2509","17","29722","1.11e-2","8.99e-2","4.18","1.00e+0","7.98e-2","1.97e-3"
"GOTERM_BP_DIRECT","miRNA processing","0.24%","6","2485","17","29712","1.07e-2","1.96e-1","4.22","1.00e+0","1.90e-1","1.88e-3"
"GOTERM_BP_DIRECT","nuclear membrane reassembly","0.24%","6","2485","17","29712","1.07e-2","1.96e-1","4.22","1.00e+0","1.90e-1","1.88e-3"
"GOTERM_BP_DIRECT","negative regulation of interferon-beta production","0.24%","6","2485","17","29712","1.07e-2","1.96e-1","4.22","1.00e+0","1.90e-1","1.88e-3"
"GOTERM_MF_DIRECT","phosphatidylinositol-3-phosphate phosphatase activity","0.24%","6","2457","16","28924","8.66e-3","1.02e-1","4.41","1.00e+0","9.54e-2","1.42e-3"
"GOTERM_CC_DIRECT","preribosome, large subunit precursor","0.24%","6","2509","16","29722","8.44e-3","7.66e-2","4.44","1.00e+0","6.79e-2","1.37e-3"
"GOTERM_BP_DIRECT","regulation of gluconeogenesis","0.24%","6","2485","16","29712","8.12e-3","1.71e-1","4.48","1.00e+0","1.66e-1","1.31e-3"
"GOTERM_BP_DIRECT","glycoprotein metabolic process","0.24%","6","2485","16","29712","8.12e-3","1.71e-1","4.48","1.00e+0","1.66e-1","1.31e-3"
"GOTERM_BP_DIRECT","protein acetylation","0.24%","6","2485","16","29712","8.12e-3","1.71e-1","4.48","1.00e+0","1.66e-1","1.31e-3"
"GOTERM_BP_DIRECT","protein localization to phagophore assembly site","0.24%","6","2485","16","29712","8.12e-3","1.71e-1","4.48","1.00e+0","1.66e-1","1.31e-3"
"UP_KW_DOMAIN","Glutamine amidotransferase","0.24%","6","1658","12","14896","6.85e-3","3.03e-2","4.49","1.92e-1","2.54e-2","9.60e-4"
"UP_SEQ_FEATURE","DOMAIN:KH","0.24%","6","2463","12","22253","6.70e-3","7.38e-1","4.52","1.00e+0","7.35e-1","9.34e-4"
"GOTERM_CC_DIRECT","BLOC-1 complex","0.24%","6","2509","15","29722","6.23e-3","5.95e-2","4.74","9.99e-1","5.28e-2","9.22e-4"
"GOTERM_BP_DIRECT","lysosomal protein catabolic process","0.24%","6","2485","15","29712","5.99e-3","1.42e-1","4.78","1.00e+0","1.38e-1","8.77e-4"
"INTERPRO","AlkB-like_sf","0.24%","6","2526","11","22271","4.78e-3","1.00e+0","4.81","1.00e+0","9.99e-1","5.89e-4"
"GOTERM_MF_DIRECT","lipase activity","0.24%","6","2457","14","28924","4.58e-3","6.27e-2","5.05","1.00e+0","5.85e-2","6.16e-4"
"GOTERM_BP_DIRECT","response to glucagon","0.24%","6","2485","14","29712","4.28e-3","1.13e-1","5.12","1.00e+0","1.09e-1","5.66e-4"
"GOTERM_BP_DIRECT","regulation of tubulin deacetylation","0.24%","6","2485","13","29712","2.96e-3","8.62e-2","5.52","1.00e+0","8.35e-2","3.48e-4"
"GOTERM_BP_DIRECT","regulatory ncRNA-mediated post-transcriptional gene silencing","0.24%","6","2485","13","29712","2.96e-3","8.62e-2","5.52","1.00e+0","8.35e-2","3.48e-4"
"GOTERM_BP_DIRECT","establishment of endothelial intestinal barrier","0.24%","6","2485","13","29712","2.96e-3","8.62e-2","5.52","1.00e+0","8.35e-2","3.48e-4"
"GOTERM_MF_DIRECT","protein-lysine-acetyltransferase activity","0.24%","6","2457","12","28924","2.09e-3","3.14e-2","5.89","9.86e-1","2.93e-2","2.20e-4"
"GOTERM_CC_DIRECT","transcription factor TFIIH holo complex","0.24%","6","2509","12","29722","2.04e-3","2.57e-2","5.92","8.93e-1","2.28e-2","2.13e-4"
"GOTERM_BP_DIRECT","negative regulation by host of viral transcription","0.24%","6","2485","12","29712","1.95e-3","6.73e-2","5.98","1.00e+0","6.52e-2","2.02e-4"
"GOTERM_MF_DIRECT","structural constituent of myelin sheath","0.24%","6","2457","11","28924","1.31e-3","2.12e-2","6.42","9.33e-1","1.98e-2","1.19e-4"
"GOTERM_BP_DIRECT","protein auto-ADP-ribosylation","0.24%","6","2485","11","29712","1.22e-3","4.83e-2","6.52","9.99e-1","4.68e-2","1.09e-4"
"GOTERM_BP_DIRECT","spliceosomal tri-snRNP complex assembly","0.24%","6","2485","11","29712","1.22e-3","4.83e-2","6.52","9.99e-1","4.68e-2","1.09e-4"
"GOTERM_BP_DIRECT","DNA alkylation repair","0.24%","6","2485","10","29712","7.16e-4","3.35e-2","7.17","9.88e-1","3.24e-2","5.32e-5"
"GOTERM_BP_DIRECT","positive regulation of protein acetylation","0.24%","6","2485","10","29712","7.16e-4","3.35e-2","7.17","9.88e-1","3.24e-2","5.32e-5"
"GOTERM_BP_DIRECT","cellular response to nutrient","0.24%","6","2485","10","29712","7.16e-4","3.35e-2","7.17","9.88e-1","3.24e-2","5.32e-5"
"GOTERM_MF_DIRECT","RNA polymerase II CTD heptapeptide repeat phosphatase activity","0.24%","6","2457","8","28924","1.98e-4","4.32e-3","8.83","3.34e-1","4.03e-3","9.00e-6"
"INTERPRO","DENN_C","0.20%","5","2526","16","22271","9.89e-2","1.00e+0","2.76","1.00e+0","9.99e-1","2.80e-2"
"INTERPRO","dDENN_dom","0.20%","5","2526","16","22271","9.89e-2","1.00e+0","2.76","1.00e+0","9.99e-1","2.80e-2"
"INTERPRO","TF_DNA-bd_sf","0.20%","5","2526","16","22271","9.89e-2","1.00e+0","2.76","1.00e+0","9.99e-1","2.80e-2"
"GOTERM_MF_DIRECT","mitogen-activated protein kinase kinase binding","0.20%","5","2457","21","28924","9.71e-2","5.80e-1","2.80","1.00e+0","5.41e-1","2.84e-2"
"GOTERM_MF_DIRECT","carboxypeptidase activity","0.20%","5","2457","21","28924","9.71e-2","5.80e-1","2.80","1.00e+0","5.41e-1","2.84e-2"
"GOTERM_MF_DIRECT","deubiquitinase activity","0.20%","5","2457","21","28924","9.71e-2","5.80e-1","2.80","1.00e+0","5.41e-1","2.84e-2"
"GOTERM_MF_DIRECT","sialyltransferase activity","0.20%","5","2457","21","28924","9.71e-2","5.80e-1","2.80","1.00e+0","5.41e-1","2.84e-2"
"GOTERM_CC_DIRECT","P granule","0.20%","5","2509","21","29722","9.54e-2","4.14e-1","2.82","1.00e+0","3.67e-1","2.77e-2"
"GOTERM_CC_DIRECT","phagophore assembly site membrane","0.20%","5","2509","21","29722","9.54e-2","4.14e-1","2.82","1.00e+0","3.67e-1","2.77e-2"
"GOTERM_CC_DIRECT","endoplasmic reticulum tubular network","0.20%","5","2509","21","29722","9.54e-2","4.14e-1","2.82","1.00e+0","3.67e-1","2.77e-2"
"GOTERM_BP_DIRECT","regulation of short-term neuronal synaptic plasticity","0.20%","5","2485","21","29712","9.29e-2","7.24e-1","2.85","1.00e+0","7.02e-1","2.67e-2"
"GOTERM_BP_DIRECT","prostaglandin biosynthetic process","0.20%","5","2485","21","29712","9.29e-2","7.24e-1","2.85","1.00e+0","7.02e-1","2.67e-2"
"GOTERM_BP_DIRECT","hepatocyte apoptotic process","0.20%","5","2485","21","29712","9.29e-2","7.24e-1","2.85","1.00e+0","7.02e-1","2.67e-2"
"GOTERM_BP_DIRECT","negative regulation of cilium assembly","0.20%","5","2485","21","29712","9.29e-2","7.24e-1","2.85","1.00e+0","7.02e-1","2.67e-2"
"GOTERM_BP_DIRECT","positive regulation of catalytic activity","0.20%","5","2485","21","29712","9.29e-2","7.24e-1","2.85","1.00e+0","7.02e-1","2.67e-2"
"GOTERM_BP_DIRECT","nuclear envelope organization","0.20%","5","2485","21","29712","9.29e-2","7.24e-1","2.85","1.00e+0","7.02e-1","2.67e-2"
"SMART","uDENN","0.20%","5","1284","15","10943","8.95e-2","1.00e+0","2.84","1.00e+0","1.00e+0","2.42e-2"
"GOTERM_MF_DIRECT","GTPase activating protein binding","0.20%","5","2457","20","28924","8.40e-2","5.34e-1","2.94","1.00e+0","4.99e-1","2.32e-2"
"GOTERM_MF_DIRECT","exonuclease activity","0.20%","5","2457","20","28924","8.40e-2","5.34e-1","2.94","1.00e+0","4.99e-1","2.32e-2"
"GOTERM_MF_DIRECT","S-adenosyl-L-methionine binding","0.20%","5","2457","20","28924","8.40e-2","5.34e-1","2.94","1.00e+0","4.99e-1","2.32e-2"
"GOTERM_CC_DIRECT","presynaptic active zone cytoplasmic component","0.20%","5","2509","20","29722","8.25e-2","3.84e-1","2.96","1.00e+0","3.40e-1","2.26e-2"
"GOTERM_CC_DIRECT","trans-Golgi network transport vesicle","0.20%","5","2509","20","29722","8.25e-2","3.84e-1","2.96","1.00e+0","3.40e-1","2.26e-2"
"INTERPRO","Znf_UBP","0.20%","5","2526","15","22271","8.11e-2","1.00e+0","2.94","1.00e+0","9.99e-1","2.12e-2"
"INTERPRO","uDENN_dom","0.20%","5","2526","15","22271","8.11e-2","1.00e+0","2.94","1.00e+0","9.99e-1","2.12e-2"
"INTERPRO","ATPase_P-typ_cation-transptr_C","0.20%","5","2526","15","22271","8.11e-2","1.00e+0","2.94","1.00e+0","9.99e-1","2.12e-2"
"GOTERM_BP_DIRECT","p38MAPK cascade","0.20%","5","2485","20","29712","8.03e-2","6.67e-1","2.99","1.00e+0","6.46e-1","2.18e-2"
"GOTERM_BP_DIRECT","response to muscle stretch","0.20%","5","2485","20","29712","8.03e-2","6.67e-1","2.99","1.00e+0","6.46e-1","2.18e-2"
"GOTERM_BP_DIRECT","regulation of osteoblast differentiation","0.20%","5","2485","20","29712","8.03e-2","6.67e-1","2.99","1.00e+0","6.46e-1","2.18e-2"
"GOTERM_BP_DIRECT","negative regulation of interleukin-17 production","0.20%","5","2485","20","29712","8.03e-2","6.67e-1","2.99","1.00e+0","6.46e-1","2.18e-2"
"GOTERM_BP_DIRECT","regulation of mRNA processing","0.20%","5","2485","20","29712","8.03e-2","6.67e-1","2.99","1.00e+0","6.46e-1","2.18e-2"
"GOTERM_BP_DIRECT","mitochondrial fission","0.20%","5","2485","20","29712","8.03e-2","6.67e-1","2.99","1.00e+0","6.46e-1","2.18e-2"
"GOTERM_BP_DIRECT","leukocyte chemotaxis","0.20%","5","2485","20","29712","8.03e-2","6.67e-1","2.99","1.00e+0","6.46e-1","2.18e-2"
"GOTERM_BP_DIRECT","regulation of mitotic spindle organization","0.20%","5","2485","20","29712","8.03e-2","6.67e-1","2.99","1.00e+0","6.46e-1","2.18e-2"
"GOTERM_BP_DIRECT","protein import into mitochondrial matrix","0.20%","5","2485","20","29712","8.03e-2","6.67e-1","2.99","1.00e+0","6.46e-1","2.18e-2"
"GOTERM_BP_DIRECT","response to X-ray","0.20%","5","2485","20","29712","8.03e-2","6.67e-1","2.99","1.00e+0","6.46e-1","2.18e-2"
"GOTERM_BP_DIRECT","positive regulation of telomere capping","0.20%","5","2485","20","29712","8.03e-2","6.67e-1","2.99","1.00e+0","6.46e-1","2.18e-2"
"UP_SEQ_FEATURE","DOMAIN:Cation-transporting P-type ATPase N-terminal","0.20%","5","2463","15","22253","7.54e-2","1.00e+0","3.01","1.00e+0","9.95e-1","1.92e-2"
"UP_SEQ_FEATURE","DOMAIN:UIM 1","0.20%","5","2463","15","22253","7.54e-2","1.00e+0","3.01","1.00e+0","9.95e-1","1.92e-2"
"UP_SEQ_FEATURE","DOMAIN:UIM 2","0.20%","5","2463","15","22253","7.54e-2","1.00e+0","3.01","1.00e+0","9.95e-1","1.92e-2"
"SMART","PP2Ac","0.20%","5","1284","14","10943","7.20e-2","1.00e+0","3.04","1.00e+0","1.00e+0","1.78e-2"
"GOTERM_MF_DIRECT","glutamate receptor binding","0.20%","5","2457","19","28924","7.18e-2","4.86e-1","3.10","1.00e+0","4.54e-1","1.87e-2"
"GOTERM_MF_DIRECT","ubiquitin-specific protease binding","0.20%","5","2457","19","28924","7.18e-2","4.86e-1","3.10","1.00e+0","4.54e-1","1.87e-2"
"GOTERM_CC_DIRECT","mRNA cleavage and polyadenylation specificity factor complex","0.20%","5","2509","19","29722","7.05e-2","3.40e-1","3.12","1.00e+0","3.01e-1","1.82e-2"
"GOTERM_CC_DIRECT","eukaryotic 43S preinitiation complex","0.20%","5","2509","19","29722","7.05e-2","3.40e-1","3.12","1.00e+0","3.01e-1","1.82e-2"
"GOTERM_BP_DIRECT","negative regulation of peptidyl-threonine phosphorylation","0.20%","5","2485","19","29712","6.86e-2","6.23e-1","3.15","1.00e+0","6.04e-1","1.75e-2"
"GOTERM_BP_DIRECT","cellular response to angiotensin","0.20%","5","2485","19","29712","6.86e-2","6.23e-1","3.15","1.00e+0","6.04e-1","1.75e-2"
"GOTERM_BP_DIRECT","cellular response to exogenous dsRNA","0.20%","5","2485","19","29712","6.86e-2","6.23e-1","3.15","1.00e+0","6.04e-1","1.75e-2"
"GOTERM_BP_DIRECT","mRNA splice site recognition","0.20%","5","2485","19","29712","6.86e-2","6.23e-1","3.15","1.00e+0","6.04e-1","1.75e-2"
"GOTERM_BP_DIRECT","collagen metabolic process","0.20%","5","2485","19","29712","6.86e-2","6.23e-1","3.15","1.00e+0","6.04e-1","1.75e-2"
"GOTERM_BP_DIRECT","Golgi vesicle transport","0.20%","5","2485","19","29712","6.86e-2","6.23e-1","3.15","1.00e+0","6.04e-1","1.75e-2"
"GOTERM_BP_DIRECT","cerebellar Purkinje cell differentiation","0.20%","5","2485","19","29712","6.86e-2","6.23e-1","3.15","1.00e+0","6.04e-1","1.75e-2"
"INTERPRO","EFTu-like_2","0.20%","5","2526","14","22271","6.51e-2","1.00e+0","3.15","1.00e+0","9.99e-1","1.55e-2"
"INTERPRO","Ser/Thr-sp_prot-phosphatase","0.20%","5","2526","14","22271","6.51e-2","1.00e+0","3.15","1.00e+0","9.99e-1","1.55e-2"
"INTERPRO","Class_I_gatase-like","0.20%","5","2526","14","22271","6.51e-2","1.00e+0","3.15","1.00e+0","9.99e-1","1.55e-2"
"BIOCARTA","Regulation of eIF2","0.20%","5","211","10","1286","6.47e-2","1.00e+0","3.05","1.00e+0","1.00e+0","1.41e-2"
"UP_KW_CELLULAR_COMPONENT","Exosome","0.20%","5","2244","13","18649","6.12e-2","2.27e-1","3.20","9.63e-1","1.88e-1","1.41e-2"
"GOTERM_MF_DIRECT","protein disulfide isomerase activity","0.20%","5","2457","18","28924","6.06e-2","4.21e-1","3.27","1.00e+0","3.93e-1","1.48e-2"
"GOTERM_CC_DIRECT","ER to Golgi transport vesicle membrane","0.20%","5","2509","18","29722","5.95e-2","2.92e-1","3.29","1.00e+0","2.59e-1","1.44e-2"
"GOTERM_CC_DIRECT","membrane coat","0.20%","5","2509","18","29722","5.95e-2","2.92e-1","3.29","1.00e+0","2.59e-1","1.44e-2"
"GOTERM_CC_DIRECT","Schmidt-Lanterman incisure","0.20%","5","2509","18","29722","5.95e-2","2.92e-1","3.29","1.00e+0","2.59e-1","1.44e-2"
"GOTERM_CC_DIRECT","paranode region of axon","0.20%","5","2509","18","29722","5.95e-2","2.92e-1","3.29","1.00e+0","2.59e-1","1.44e-2"
"GOTERM_CC_DIRECT","chromatoid body","0.20%","5","2509","18","29722","5.95e-2","2.92e-1","3.29","1.00e+0","2.59e-1","1.44e-2"
"GOTERM_BP_DIRECT","positive regulation of mitochondrial translation","0.20%","5","2485","18","29712","5.78e-2","5.60e-1","3.32","1.00e+0","5.42e-1","1.39e-2"
"GOTERM_BP_DIRECT","3'-UTR-mediated mRNA stabilization","0.20%","5","2485","18","29712","5.78e-2","5.60e-1","3.32","1.00e+0","5.42e-1","1.39e-2"
"GOTERM_BP_DIRECT","resolution of meiotic recombination intermediates","0.20%","5","2485","18","29712","5.78e-2","5.60e-1","3.32","1.00e+0","5.42e-1","1.39e-2"
"GOTERM_BP_DIRECT","random inactivation of X chromosome","0.20%","5","2485","18","29712","5.78e-2","5.60e-1","3.32","1.00e+0","5.42e-1","1.39e-2"
"GOTERM_BP_DIRECT","intracellular copper ion homeostasis","0.20%","5","2485","18","29712","5.78e-2","5.60e-1","3.32","1.00e+0","5.42e-1","1.39e-2"
"GOTERM_BP_DIRECT","regulation of mRNA splicing, via spliceosome","0.20%","5","2485","18","29712","5.78e-2","5.60e-1","3.32","1.00e+0","5.42e-1","1.39e-2"
"INTERPRO","Arrestin-like_C","0.20%","5","2526","13","22271","5.09e-2","1.00e+0","3.39","1.00e+0","9.99e-1","1.10e-2"
"INTERPRO","PIN-like_dom_sf","0.20%","5","2526","13","22271","5.09e-2","1.00e+0","3.39","1.00e+0","9.99e-1","1.10e-2"
"GOTERM_MF_DIRECT","insulin-like growth factor receptor binding","0.20%","5","2457","17","28924","5.04e-2","3.86e-1","3.46","1.00e+0","3.61e-1","1.14e-2"
"GOTERM_MF_DIRECT","magnesium ion transmembrane transporter activity","0.20%","5","2457","17","28924","5.04e-2","3.86e-1","3.46","1.00e+0","3.61e-1","1.14e-2"
"GOTERM_CC_DIRECT","vacuolar proton-transporting V-type ATPase complex","0.20%","5","2509","17","29722","4.95e-2","2.76e-1","3.48","1.00e+0","2.45e-1","1.12e-2"
"GOTERM_CC_DIRECT","ribonucleoprotein granule","0.20%","5","2509","17","29722","4.95e-2","2.76e-1","3.48","1.00e+0","2.45e-1","1.12e-2"
"GOTERM_BP_DIRECT","monocyte chemotaxis","0.20%","5","2485","17","29712","4.81e-2","5.08e-1","3.52","1.00e+0","4.92e-1","1.07e-2"
"GOTERM_BP_DIRECT","protein targeting to ER","0.20%","5","2485","17","29712","4.81e-2","5.08e-1","3.52","1.00e+0","4.92e-1","1.07e-2"
"GOTERM_BP_DIRECT","positive regulation of mRNA catabolic process","0.20%","5","2485","17","29712","4.81e-2","5.08e-1","3.52","1.00e+0","4.92e-1","1.07e-2"
"GOTERM_BP_DIRECT","peptidyl-L-cysteine S-palmitoylation","0.20%","5","2485","17","29712","4.81e-2","5.08e-1","3.52","1.00e+0","4.92e-1","1.07e-2"
"GOTERM_BP_DIRECT","negative regulation of cGAS/STING signaling pathway","0.20%","5","2485","17","29712","4.81e-2","5.08e-1","3.52","1.00e+0","4.92e-1","1.07e-2"
"UP_SEQ_FEATURE","DOMAIN:Serine/threonine specific protein phosphatases","0.20%","5","2463","13","22253","4.72e-2","1.00e+0","3.47","1.00e+0","9.95e-1","9.92e-3"
"GOTERM_MF_DIRECT","monoacylglycerol lipase activity","0.20%","5","2457","16","28924","4.13e-2","3.31e-1","3.68","1.00e+0","3.09e-1","8.68e-3"
"GOTERM_MF_DIRECT","mannosyltransferase activity","0.20%","5","2457","16","28924","4.13e-2","3.31e-1","3.68","1.00e+0","3.09e-1","8.68e-3"
"GOTERM_CC_DIRECT","endoplasmic reticulum quality control compartment","0.20%","5","2509","16","29722","4.05e-2","2.45e-1","3.70","1.00e+0","2.18e-1","8.45e-3"
"GOTERM_CC_DIRECT","Golgi cisterna","0.20%","5","2509","16","29722","4.05e-2","2.45e-1","3.70","1.00e+0","2.18e-1","8.45e-3"
"GOTERM_BP_DIRECT","maintenance of protein location in nucleus","0.20%","5","2485","16","29712","3.93e-2","4.53e-1","3.74","1.00e+0","4.39e-1","8.13e-3"
"GOTERM_BP_DIRECT","regulation of DNA damage checkpoint","0.20%","5","2485","16","29712","3.93e-2","4.53e-1","3.74","1.00e+0","4.39e-1","8.13e-3"
"GOTERM_BP_DIRECT","protein quality control for misfolded or incompletely synthesized proteins","0.20%","5","2485","16","29712","3.93e-2","4.53e-1","3.74","1.00e+0","4.39e-1","8.13e-3"
"GOTERM_BP_DIRECT","negative regulation of catalytic activity","0.20%","5","2485","16","29712","3.93e-2","4.53e-1","3.74","1.00e+0","4.39e-1","8.13e-3"
"GOTERM_BP_DIRECT","protein heterotetramerization","0.20%","5","2485","16","29712","3.93e-2","4.53e-1","3.74","1.00e+0","4.39e-1","8.13e-3"
"GOTERM_BP_DIRECT","negative regulation of phosphorylation","0.20%","5","2485","16","29712","3.93e-2","4.53e-1","3.74","1.00e+0","4.39e-1","8.13e-3"
"INTERPRO","Pept_C14_caspase","0.20%","5","2526","12","22271","3.86e-2","1.00e+0","3.67","1.00e+0","9.99e-1","7.45e-3"
"INTERPRO","Single_hybrid_motif","0.20%","5","2526","12","22271","3.86e-2","1.00e+0","3.67","1.00e+0","9.99e-1","7.45e-3"
"INTERPRO","Pept_C14_p20","0.20%","5","2526","12","22271","3.86e-2","1.00e+0","3.67","1.00e+0","9.99e-1","7.45e-3"
"INTERPRO","Caspase-like_dom_sf","0.20%","5","2526","12","22271","3.86e-2","1.00e+0","3.67","1.00e+0","9.99e-1","7.45e-3"
"INTERPRO","COMM","0.20%","5","2526","12","22271","3.86e-2","1.00e+0","3.67","1.00e+0","9.99e-1","7.45e-3"
"UP_SEQ_FEATURE","DOMAIN:COMM","0.20%","5","2463","12","22253","3.57e-2","1.00e+0","3.76","1.00e+0","9.95e-1","6.71e-3"
"GOTERM_MF_DIRECT","long-chain fatty acyl-CoA hydrolase activity","0.20%","5","2457","15","28924","3.31e-2","2.86e-1","3.92","1.00e+0","2.67e-1","6.41e-3"
"GOTERM_MF_DIRECT","calcium,diacylglycerol-dependent serine/threonine kinase activity","0.20%","5","2457","15","28924","3.31e-2","2.86e-1","3.92","1.00e+0","2.67e-1","6.41e-3"
"GOTERM_MF_DIRECT","diacylglycerol-dependent, calcium-independent serine/threonine kinase activity","0.20%","5","2457","15","28924","3.31e-2","2.86e-1","3.92","1.00e+0","2.67e-1","6.41e-3"
"GOTERM_CC_DIRECT","nuclear exosome (RNase complex)","0.20%","5","2509","15","29722","3.24e-2","2.15e-1","3.95","1.00e+0","1.90e-1","6.24e-3"
"GOTERM_CC_DIRECT","mitotic spindle microtubule","0.20%","5","2509","15","29722","3.24e-2","2.15e-1","3.95","1.00e+0","1.90e-1","6.24e-3"
"GOTERM_BP_DIRECT","L-arginine transmembrane transport","0.20%","5","2485","15","29712","3.15e-2","4.00e-1","3.99","1.00e+0","3.87e-1","6.00e-3"
"GOTERM_BP_DIRECT","maturation of 5.8S rRNA","0.20%","5","2485","15","29712","3.15e-2","4.00e-1","3.99","1.00e+0","3.87e-1","6.00e-3"
"GOTERM_BP_DIRECT","blood circulation","0.20%","5","2485","15","29712","3.15e-2","4.00e-1","3.99","1.00e+0","3.87e-1","6.00e-3"
"GOTERM_BP_DIRECT","regulation of Arp2/3 complex-mediated actin nucleation","0.20%","5","2485","15","29712","3.15e-2","4.00e-1","3.99","1.00e+0","3.87e-1","6.00e-3"
"INTERPRO","Anticodon-bd_dom_sf","0.20%","5","2526","11","22271","2.82e-2","1.00e+0","4.01","1.00e+0","9.99e-1","4.79e-3"
"INTERPRO","HATPase_dom","0.20%","5","2526","11","22271","2.82e-2","1.00e+0","4.01","1.00e+0","9.99e-1","4.79e-3"
"UP_SEQ_FEATURE","CROSSLNK:Glycyl lysine isopeptide (Lys-Gly) (interchain with G-Cter in ISG15)","0.20%","5","2463","11","22253","2.60e-2","1.00e+0","4.11","1.00e+0","9.95e-1","4.30e-3"
"UP_SEQ_FEATURE","DOMAIN:Caspase family p20","0.20%","5","2463","11","22253","2.60e-2","1.00e+0","4.11","1.00e+0","9.95e-1","4.30e-3"
"UP_SEQ_FEATURE","DOMAIN:Methyltransferase","0.20%","5","2463","11","22253","2.60e-2","1.00e+0","4.11","1.00e+0","9.95e-1","4.30e-3"
"GOTERM_MF_DIRECT","insulin receptor substrate binding","0.20%","5","2457","14","28924","2.60e-2","2.34e-1","4.20","1.00e+0","2.19e-1","4.59e-3"
"GOTERM_MF_DIRECT","chromatin-protein adaptor activity","0.20%","5","2457","14","28924","2.60e-2","2.34e-1","4.20","1.00e+0","2.19e-1","4.59e-3"
"GOTERM_MF_DIRECT","adenyl-nucleotide exchange factor activity","0.20%","5","2457","14","28924","2.60e-2","2.34e-1","4.20","1.00e+0","2.19e-1","4.59e-3"
"GOTERM_MF_DIRECT","potassium ion binding","0.20%","5","2457","14","28924","2.60e-2","2.34e-1","4.20","1.00e+0","2.19e-1","4.59e-3"
"GOTERM_CC_DIRECT","proximal dendrite","0.20%","5","2509","14","29722","2.55e-2","1.75e-1","4.23","1.00e+0","1.55e-1","4.47e-3"
"GOTERM_CC_DIRECT","transcription preinitiation complex","0.20%","5","2509","14","29722","2.55e-2","1.75e-1","4.23","1.00e+0","1.55e-1","4.47e-3"
"GOTERM_BP_DIRECT","positive regulation of synaptic plasticity","0.20%","5","2485","14","29712","2.47e-2","3.42e-1","4.27","1.00e+0","3.31e-1","4.29e-3"
"GOTERM_BP_DIRECT","protein localization to chromosome, telomeric region","0.20%","5","2485","14","29712","2.47e-2","3.42e-1","4.27","1.00e+0","3.31e-1","4.29e-3"
"GOTERM_BP_DIRECT","rRNA methylation","0.20%","5","2485","14","29712","2.47e-2","3.42e-1","4.27","1.00e+0","3.31e-1","4.29e-3"
"GOTERM_BP_DIRECT","positive regulation of isotype switching","0.20%","5","2485","14","29712","2.47e-2","3.42e-1","4.27","1.00e+0","3.31e-1","4.29e-3"
"GOTERM_BP_DIRECT","cellular response to interleukin-17","0.20%","5","2485","14","29712","2.47e-2","3.42e-1","4.27","1.00e+0","3.31e-1","4.29e-3"
"GOTERM_BP_DIRECT","positive regulation of circadian rhythm","0.20%","5","2485","14","29712","2.47e-2","3.42e-1","4.27","1.00e+0","3.31e-1","4.29e-3"
"GOTERM_BP_DIRECT","tRNA 5'-leader removal","0.20%","5","2485","14","29712","2.47e-2","3.42e-1","4.27","1.00e+0","3.31e-1","4.29e-3"
"GOTERM_BP_DIRECT","negative regulation of interleukin-8 production","0.20%","5","2485","14","29712","2.47e-2","3.42e-1","4.27","1.00e+0","3.31e-1","4.29e-3"
"GOTERM_BP_DIRECT","positive regulation of toll-like receptor 4 signaling pathway","0.20%","5","2485","14","29712","2.47e-2","3.42e-1","4.27","1.00e+0","3.31e-1","4.29e-3"
"GOTERM_BP_DIRECT","sterol biosynthetic process","0.20%","5","2485","14","29712","2.47e-2","3.42e-1","4.27","1.00e+0","3.31e-1","4.29e-3"
"GOTERM_MF_DIRECT","CARD domain binding","0.20%","5","2457","13","28924","1.99e-2","1.96e-1","4.53","1.00e+0","1.83e-1","3.17e-3"
"GOTERM_MF_DIRECT","general transcription initiation factor binding","0.20%","5","2457","13","28924","1.99e-2","1.96e-1","4.53","1.00e+0","1.83e-1","3.17e-3"
"GOTERM_MF_DIRECT","MAP kinase tyrosine/serine/threonine phosphatase activity","0.20%","5","2457","13","28924","1.99e-2","1.96e-1","4.53","1.00e+0","1.83e-1","3.17e-3"
"INTERPRO","S1_domain","0.20%","5","2526","10","22271","1.97e-2","1.00e+0","4.41","1.00e+0","9.99e-1","2.88e-3"
"INTERPRO","TPT_transporter","0.20%","5","2526","10","22271","1.97e-2","1.00e+0","4.41","1.00e+0","9.99e-1","2.88e-3"
"INTERPRO","E3_ubiq-ligase_TRIM/RNF","0.20%","5","2526","10","22271","1.97e-2","1.00e+0","4.41","1.00e+0","9.99e-1","2.88e-3"
"GOTERM_BP_DIRECT","regulation of G2/M transition of mitotic cell cycle","0.20%","5","2485","13","29712","1.89e-2","2.87e-1","4.60","1.00e+0","2.78e-1","2.96e-3"
"GOTERM_BP_DIRECT","negative regulation of macroautophagy","0.20%","5","2485","13","29712","1.89e-2","2.87e-1","4.60","1.00e+0","2.78e-1","2.96e-3"
"GOTERM_BP_DIRECT","SRP-dependent cotranslational protein targeting to membrane","0.20%","5","2485","13","29712","1.89e-2","2.87e-1","4.60","1.00e+0","2.78e-1","2.96e-3"
"GOTERM_BP_DIRECT","heart valve development","0.20%","5","2485","13","29712","1.89e-2","2.87e-1","4.60","1.00e+0","2.78e-1","2.96e-3"
"GOTERM_BP_DIRECT","Golgi to endosome transport","0.20%","5","2485","13","29712","1.89e-2","2.87e-1","4.60","1.00e+0","2.78e-1","2.96e-3"
"GOTERM_BP_DIRECT","regulation of chromatin organization","0.20%","5","2485","13","29712","1.89e-2","2.87e-1","4.60","1.00e+0","2.78e-1","2.96e-3"
"GOTERM_BP_DIRECT","mitotic G1 DNA damage checkpoint signaling","0.20%","5","2485","13","29712","1.89e-2","2.87e-1","4.60","1.00e+0","2.78e-1","2.96e-3"
"GOTERM_BP_DIRECT","regulation of cell adhesion mediated by integrin","0.20%","5","2485","13","29712","1.89e-2","2.87e-1","4.60","1.00e+0","2.78e-1","2.96e-3"
"GOTERM_BP_DIRECT","DNA synthesis involved in DNA repair","0.20%","5","2485","13","29712","1.89e-2","2.87e-1","4.60","1.00e+0","2.78e-1","2.96e-3"
"GOTERM_BP_DIRECT","negative regulation of tyrosine phosphorylation of STAT protein","0.20%","5","2485","13","29712","1.89e-2","2.87e-1","4.60","1.00e+0","2.78e-1","2.96e-3"
"UP_SEQ_FEATURE","DOMAIN:S1 motif","0.20%","5","2463","10","22253","1.81e-2","1.00e+0","4.52","1.00e+0","9.95e-1","2.58e-3"
"GOTERM_MF_DIRECT","SUMO ligase activity","0.20%","5","2457","12","28924","1.47e-2","1.57e-1","4.91","1.00e+0","1.46e-1","2.10e-3"
"GOTERM_MF_DIRECT","NAD+-protein-aspartate ADP-ribosyltransferase activity","0.20%","5","2457","12","28924","1.47e-2","1.57e-1","4.91","1.00e+0","1.46e-1","2.10e-3"
"SMART","S1","0.20%","5","1284","9","10943","1.46e-2","7.19e-1","4.73","1.00e+0","7.18e-1","1.85e-3"
"GOTERM_CC_DIRECT","MLL3/4 complex","0.20%","5","2509","12","29722","1.44e-2","1.09e-1","4.94","1.00e+0","9.68e-2","2.04e-3"
"GOTERM_CC_DIRECT","EMC complex","0.20%","5","2509","12","29722","1.44e-2","1.09e-1","4.94","1.00e+0","9.68e-2","2.04e-3"
"GOTERM_CC_DIRECT","RPAP3/R2TP/prefoldin-like complex","0.20%","5","2509","12","29722","1.44e-2","1.09e-1","4.94","1.00e+0","9.68e-2","2.04e-3"
"GOTERM_BP_DIRECT","positive regulation of ubiquitin-protein transferase activity","0.20%","5","2485","12","29712","1.40e-2","2.34e-1","4.98","1.00e+0","2.26e-1","1.96e-3"
"GOTERM_BP_DIRECT","negative regulation of calcium ion transport","0.20%","5","2485","12","29712","1.40e-2","2.34e-1","4.98","1.00e+0","2.26e-1","1.96e-3"
"GOTERM_BP_DIRECT","telomere capping","0.20%","5","2485","12","29712","1.40e-2","2.34e-1","4.98","1.00e+0","2.26e-1","1.96e-3"
"GOTERM_BP_DIRECT","microglia differentiation","0.20%","5","2485","12","29712","1.40e-2","2.34e-1","4.98","1.00e+0","2.26e-1","1.96e-3"
"GOTERM_BP_DIRECT","NLS-bearing protein import into nucleus","0.20%","5","2485","12","29712","1.40e-2","2.34e-1","4.98","1.00e+0","2.26e-1","1.96e-3"
"INTERPRO","AlkB-like","0.20%","5","2526","9","22271","1.30e-2","1.00e+0","4.90","1.00e+0","9.99e-1","1.59e-3"
"UP_SEQ_FEATURE","MOTIF:GXSXG","0.20%","5","2463","9","22253","1.19e-2","8.75e-1","5.02","1.00e+0","8.71e-1","1.42e-3"
"GOTERM_MF_DIRECT","diacylglycerol-dependent serine/threonine kinase activity","0.20%","5","2457","11","28924","1.05e-2","1.20e-1","5.35","1.00e+0","1.12e-1","1.31e-3"
"GOTERM_CC_DIRECT","female pronucleus","0.20%","5","2509","11","29722","1.03e-2","8.59e-2","5.38","1.00e+0","7.62e-2","1.28e-3"
"GOTERM_BP_DIRECT","regulation of cyclin-dependent protein serine/threonine kinase activity","0.20%","5","2485","11","29712","9.96e-3","1.91e-1","5.43","1.00e+0","1.85e-1","1.23e-3"
"GOTERM_BP_DIRECT","positive regulation of skeletal muscle acetylcholine-gated channel clustering","0.20%","5","2485","11","29712","9.96e-3","1.91e-1","5.43","1.00e+0","1.85e-1","1.23e-3"
"GOTERM_BP_DIRECT","heme A biosynthetic process","0.20%","5","2485","11","29712","9.96e-3","1.91e-1","5.43","1.00e+0","1.85e-1","1.23e-3"
"INTERPRO","PNPLA_dom","0.20%","5","2526","8","22271","7.91e-3","1.00e+0","5.51","1.00e+0","9.99e-1","7.79e-4"
"UP_SEQ_FEATURE","MOTIF:DGA/G","0.20%","5","2463","8","22253","7.24e-3","7.52e-1","5.65","1.00e+0","7.48e-1","6.94e-4"
"UP_SEQ_FEATURE","DOMAIN:PNPLA","0.20%","5","2463","8","22253","7.24e-3","7.52e-1","5.65","1.00e+0","7.48e-1","6.94e-4"
"UP_SEQ_FEATURE","DOMAIN:Cation-transporting P-type ATPase C-terminal","0.20%","5","2463","8","22253","7.24e-3","7.52e-1","5.65","1.00e+0","7.48e-1","6.94e-4"
"GOTERM_MF_DIRECT","tRNA methyltransferase activity","0.20%","5","2457","10","28924","7.17e-3","8.92e-2","5.89","1.00e+0","8.33e-2","7.71e-4"
"GOTERM_MF_DIRECT","cAMP response element binding protein binding","0.20%","5","2457","10","28924","7.17e-3","8.92e-2","5.89","1.00e+0","8.33e-2","7.71e-4"
"GOTERM_BP_DIRECT","type I interferon production","0.20%","5","2485","10","29712","6.78e-3","1.53e-1","5.98","1.00e+0","1.48e-1","7.18e-4"
"GOTERM_BP_DIRECT","heme O biosynthetic process","0.20%","5","2485","10","29712","6.78e-3","1.53e-1","5.98","1.00e+0","1.48e-1","7.18e-4"
"GOTERM_BP_DIRECT","I-kappaB phosphorylation","0.20%","5","2485","10","29712","6.78e-3","1.53e-1","5.98","1.00e+0","1.48e-1","7.18e-4"
"GOTERM_BP_DIRECT","regulation protein catabolic process at postsynapse","0.20%","5","2485","10","29712","6.78e-3","1.53e-1","5.98","1.00e+0","1.48e-1","7.18e-4"
"GOTERM_BP_DIRECT","copper ion transport","0.20%","5","2485","10","29712","6.78e-3","1.53e-1","5.98","1.00e+0","1.48e-1","7.18e-4"
"GOTERM_BP_DIRECT","heme B biosynthetic process","0.20%","5","2485","10","29712","6.78e-3","1.53e-1","5.98","1.00e+0","1.48e-1","7.18e-4"
"GOTERM_BP_DIRECT","cellular response to lipoteichoic acid","0.20%","5","2485","10","29712","6.78e-3","1.53e-1","5.98","1.00e+0","1.48e-1","7.18e-4"
"GOTERM_BP_DIRECT","regulation of T cell receptor signaling pathway","0.20%","5","2485","10","29712","6.78e-3","1.53e-1","5.98","1.00e+0","1.48e-1","7.18e-4"
"GOTERM_MF_DIRECT","nucleoside diphosphate phosphatase activity","0.20%","5","2457","9","28924","4.61e-3","6.27e-2","6.54","1.00e+0","5.85e-2","4.15e-4"
"GOTERM_MF_DIRECT","5'-3' exonuclease activity","0.20%","5","2457","9","28924","4.61e-3","6.27e-2","6.54","1.00e+0","5.85e-2","4.15e-4"
"GOTERM_CC_DIRECT","proteasome regulatory particle, lid subcomplex","0.20%","5","2509","9","29722","4.51e-3","4.62e-2","6.58","9.93e-1","4.10e-2","4.03e-4"
"GOTERM_BP_DIRECT","snRNA transcription by RNA polymerase III","0.20%","5","2485","9","29712","4.36e-3","1.13e-1","6.64","1.00e+0","1.09e-1","3.85e-4"
"GOTERM_BP_DIRECT","cellular response to zinc ion starvation","0.20%","5","2485","9","29712","4.36e-3","1.13e-1","6.64","1.00e+0","1.09e-1","3.85e-4"
"GOTERM_BP_DIRECT","astrocyte cell migration","0.20%","5","2485","9","29712","4.36e-3","1.13e-1","6.64","1.00e+0","1.09e-1","3.85e-4"
"GOTERM_BP_DIRECT","CAMKK-AMPK signaling cascade","0.20%","5","2485","9","29712","4.36e-3","1.13e-1","6.64","1.00e+0","1.09e-1","3.85e-4"
"UP_SEQ_FEATURE","MOTIF:GXGXXG","0.20%","5","2463","7","22253","3.97e-3","5.25e-1","6.45","1.00e+0","5.23e-1","2.87e-4"
"GOTERM_MF_DIRECT","copper ion transmembrane transporter activity","0.20%","5","2457","8","28924","2.75e-3","4.03e-2","7.36","9.96e-1","3.76e-2","1.98e-4"
"GOTERM_MF_DIRECT","histone H3 acetyltransferase activity","0.20%","5","2457","8","28924","2.75e-3","4.03e-2","7.36","9.96e-1","3.76e-2","1.98e-4"
"GOTERM_CC_DIRECT","Derlin-1 retrotranslocation complex","0.20%","5","2509","8","29722","2.68e-3","3.10e-2","7.40","9.48e-1","2.75e-2","1.92e-4"
"GOTERM_CC_DIRECT","pyruvate dehydrogenase complex","0.20%","5","2509","8","29722","2.68e-3","3.10e-2","7.40","9.48e-1","2.75e-2","1.92e-4"
"GOTERM_BP_DIRECT","PERK-mediated unfolded protein response","0.20%","5","2485","8","29712","2.59e-3","8.07e-2","7.47","1.00e+0","7.82e-2","1.84e-4"
"GOTERM_BP_DIRECT","ether lipid biosynthetic process","0.20%","5","2485","8","29712","2.59e-3","8.07e-2","7.47","1.00e+0","7.82e-2","1.84e-4"
"GOTERM_BP_DIRECT","HRI-mediated signaling","0.20%","5","2485","7","29712","1.39e-3","5.25e-2","8.54","1.00e+0","5.08e-2","7.41e-5"
"INTERPRO","Torsin","0.20%","5","2526","5","22271","7.50e-4","3.49e-1","8.82","9.85e-1","3.48e-1","1.87e-5"
"GOTERM_MF_DIRECT","oxidative RNA demethylase activity","0.20%","5","2457","6","28924","6.76e-4","1.32e-2","9.81","7.51e-1","1.23e-2","2.46e-5"
"INTERPRO","Arrestin-like_N","0.16%","4","2526","10","22271","9.50e-2","1.00e+0","3.53","1.00e+0","9.99e-1","1.97e-2"
"INTERPRO","PAM2_motif","0.16%","4","2526","10","22271","9.50e-2","1.00e+0","3.53","1.00e+0","9.99e-1","1.97e-2"
"INTERPRO","Biotin_lipoyl","0.16%","4","2526","10","22271","9.50e-2","1.00e+0","3.53","1.00e+0","9.99e-1","1.97e-2"
"INTERPRO","Cullin_N","0.16%","4","2526","10","22271","9.50e-2","1.00e+0","3.53","1.00e+0","9.99e-1","1.97e-2"
"INTERPRO","E3_UB_ligase_RBR","0.16%","4","2526","10","22271","9.50e-2","1.00e+0","3.53","1.00e+0","9.99e-1","1.97e-2"
"INTERPRO","MKP","0.16%","4","2526","10","22271","9.50e-2","1.00e+0","3.53","1.00e+0","9.99e-1","1.97e-2"
"INTERPRO","Transl_elong_EF1A/Init_IF2_C","0.16%","4","2526","10","22271","9.50e-2","1.00e+0","3.53","1.00e+0","9.99e-1","1.97e-2"
"INTERPRO","Pept_C14_p10","0.16%","4","2526","10","22271","9.50e-2","1.00e+0","3.53","1.00e+0","9.99e-1","1.97e-2"
"INTERPRO","Caspase_cys_AS","0.16%","4","2526","10","22271","9.50e-2","1.00e+0","3.53","1.00e+0","9.99e-1","1.97e-2"
"INTERPRO","Arrestin_C-like","0.16%","4","2526","10","22271","9.50e-2","1.00e+0","3.53","1.00e+0","9.99e-1","1.97e-2"
"GOTERM_MF_DIRECT","MAP kinase kinase activity","0.16%","4","2457","13","28924","9.19e-2","5.58e-1","3.62","1.00e+0","5.21e-1","1.99e-2"
"GOTERM_MF_DIRECT","histone H4 acetyltransferase activity","0.16%","4","2457","13","28924","9.19e-2","5.58e-1","3.62","1.00e+0","5.21e-1","1.99e-2"
"GOTERM_MF_DIRECT","pseudouridine synthase activity","0.16%","4","2457","13","28924","9.19e-2","5.58e-1","3.62","1.00e+0","5.21e-1","1.99e-2"
"GOTERM_MF_DIRECT","pre-mRNA intronic binding","0.16%","4","2457","13","28924","9.19e-2","5.58e-1","3.62","1.00e+0","5.21e-1","1.99e-2"
"GOTERM_MF_DIRECT","cyclin-dependent protein serine/threonine kinase inhibitor activity","0.16%","4","2457","13","28924","9.19e-2","5.58e-1","3.62","1.00e+0","5.21e-1","1.99e-2"
"GOTERM_CC_DIRECT","pore complex","0.16%","4","2509","13","29722","9.06e-2","4.01e-1","3.64","1.00e+0","3.56e-1","1.95e-2"
"GOTERM_CC_DIRECT","nuclear inclusion body","0.16%","4","2509","13","29722","9.06e-2","4.01e-1","3.64","1.00e+0","3.56e-1","1.95e-2"
"GOTERM_CC_DIRECT","beta-catenin-TCF complex","0.16%","4","2509","13","29722","9.06e-2","4.01e-1","3.64","1.00e+0","3.56e-1","1.95e-2"
"GOTERM_CC_DIRECT","Swr1 complex","0.16%","4","2509","13","29722","9.06e-2","4.01e-1","3.64","1.00e+0","3.56e-1","1.95e-2"
"GOTERM_CC_DIRECT","uropod","0.16%","4","2509","13","29722","9.06e-2","4.01e-1","3.64","1.00e+0","3.56e-1","1.95e-2"
"UP_SEQ_FEATURE","SITE:Cleavage; by CASP3","0.16%","4","2463","10","22253","8.96e-2","1.00e+0","3.61","1.00e+0","9.95e-1","1.82e-2"
"UP_SEQ_FEATURE","ZN_FING:UBP-type","0.16%","4","2463","10","22253","8.96e-2","1.00e+0","3.61","1.00e+0","9.95e-1","1.82e-2"
"UP_SEQ_FEATURE","REPEAT:HAT 1","0.16%","4","2463","10","22253","8.96e-2","1.00e+0","3.61","1.00e+0","9.95e-1","1.82e-2"
"UP_SEQ_FEATURE","REPEAT:HAT 2","0.16%","4","2463","10","22253","8.96e-2","1.00e+0","3.61","1.00e+0","9.95e-1","1.82e-2"
"UP_SEQ_FEATURE","SITE:Important for substrate specificity","0.16%","4","2463","10","22253","8.96e-2","1.00e+0","3.61","1.00e+0","9.95e-1","1.82e-2"
"UP_SEQ_FEATURE","REPEAT:HAT 3","0.16%","4","2463","10","22253","8.96e-2","1.00e+0","3.61","1.00e+0","9.95e-1","1.82e-2"
"GOTERM_BP_DIRECT","viral budding from plasma membrane","0.16%","4","2485","13","29712","8.86e-2","7.01e-1","3.68","1.00e+0","6.79e-1","1.89e-2"
"GOTERM_BP_DIRECT","cellular response to insulin-like growth factor stimulus","0.16%","4","2485","13","29712","8.86e-2","7.01e-1","3.68","1.00e+0","6.79e-1","1.89e-2"
"GOTERM_BP_DIRECT","cellular response to L-leucine","0.16%","4","2485","13","29712","8.86e-2","7.01e-1","3.68","1.00e+0","6.79e-1","1.89e-2"
"GOTERM_BP_DIRECT","interleukin-10 production","0.16%","4","2485","13","29712","8.86e-2","7.01e-1","3.68","1.00e+0","6.79e-1","1.89e-2"
"GOTERM_BP_DIRECT","positive regulation of non-motile cilium assembly","0.16%","4","2485","13","29712","8.86e-2","7.01e-1","3.68","1.00e+0","6.79e-1","1.89e-2"
"GOTERM_BP_DIRECT","synaptic vesicle docking","0.16%","4","2485","13","29712","8.86e-2","7.01e-1","3.68","1.00e+0","6.79e-1","1.89e-2"
"GOTERM_BP_DIRECT","positive regulation of axon regeneration","0.16%","4","2485","13","29712","8.86e-2","7.01e-1","3.68","1.00e+0","6.79e-1","1.89e-2"
"GOTERM_BP_DIRECT","negative regulation of axon regeneration","0.16%","4","2485","13","29712","8.86e-2","7.01e-1","3.68","1.00e+0","6.79e-1","1.89e-2"
"GOTERM_BP_DIRECT","positive regulation of nuclear-transcribed mRNA catabolic process, deadenylation-dependent decay","0.16%","4","2485","13","29712","8.86e-2","7.01e-1","3.68","1.00e+0","6.79e-1","1.89e-2"
"SMART","HATPase_c","0.16%","4","1284","9","10943","7.86e-2","1.00e+0","3.79","1.00e+0","1.00e+0","1.46e-2"
"SMART","Lactamase_B","0.16%","4","1284","9","10943","7.86e-2","1.00e+0","3.79","1.00e+0","1.00e+0","1.46e-2"
"GOTERM_MF_DIRECT","GDP phosphatase activity","0.16%","4","2457","12","28924","7.53e-2","4.97e-1","3.92","1.00e+0","4.64e-1","1.48e-2"
"GOTERM_MF_DIRECT","single-stranded DNA endodeoxyribonuclease activity","0.16%","4","2457","12","28924","7.53e-2","4.97e-1","3.92","1.00e+0","4.64e-1","1.48e-2"
"GOTERM_MF_DIRECT","cAMP response element binding","0.16%","4","2457","12","28924","7.53e-2","4.97e-1","3.92","1.00e+0","4.64e-1","1.48e-2"
"GOTERM_MF_DIRECT","ribonuclease P activity","0.16%","4","2457","12","28924","7.53e-2","4.97e-1","3.92","1.00e+0","4.64e-1","1.48e-2"
"GOTERM_MF_DIRECT","phosphotransferase activity, for other substituted phosphate groups","0.16%","4","2457","12","28924","7.53e-2","4.97e-1","3.92","1.00e+0","4.64e-1","1.48e-2"
"GOTERM_CC_DIRECT","endoplasmic reticulum-plasma membrane contact site","0.16%","4","2509","12","29722","7.42e-2","3.53e-1","3.95","1.00e+0","3.13e-1","1.44e-2"
"GOTERM_BP_DIRECT","regulation of telomere maintenance","0.16%","4","2485","12","29712","7.25e-2","6.28e-1","3.99","1.00e+0","6.08e-1","1.40e-2"
"GOTERM_BP_DIRECT","glycolipid biosynthetic process","0.16%","4","2485","12","29712","7.25e-2","6.28e-1","3.99","1.00e+0","6.08e-1","1.40e-2"
"GOTERM_BP_DIRECT","endosome transport via multivesicular body sorting pathway","0.16%","4","2485","12","29712","7.25e-2","6.28e-1","3.99","1.00e+0","6.08e-1","1.40e-2"
"GOTERM_BP_DIRECT","positive regulation of xenophagy","0.16%","4","2485","12","29712","7.25e-2","6.28e-1","3.99","1.00e+0","6.08e-1","1.40e-2"
"GOTERM_BP_DIRECT","mRNA modification","0.16%","4","2485","12","29712","7.25e-2","6.28e-1","3.99","1.00e+0","6.08e-1","1.40e-2"
"GOTERM_BP_DIRECT","iron ion transmembrane transport","0.16%","4","2485","12","29712","7.25e-2","6.28e-1","3.99","1.00e+0","6.08e-1","1.40e-2"
"GOTERM_BP_DIRECT","positive regulation of DNA-templated transcription, elongation","0.16%","4","2485","12","29712","7.25e-2","6.28e-1","3.99","1.00e+0","6.08e-1","1.40e-2"
"GOTERM_BP_DIRECT","cell cycle","0.16%","4","2485","12","29712","7.25e-2","6.28e-1","3.99","1.00e+0","6.08e-1","1.40e-2"
"GOTERM_BP_DIRECT","nucleotide-binding oligomerization domain containing 2 signaling pathway","0.16%","4","2485","12","29712","7.25e-2","6.28e-1","3.99","1.00e+0","6.08e-1","1.40e-2"
"GOTERM_BP_DIRECT","multivesicular body-lysosome fusion","0.16%","4","2485","12","29712","7.25e-2","6.28e-1","3.99","1.00e+0","6.08e-1","1.40e-2"
"GOTERM_BP_DIRECT","negative regulation of protein localization to cell surface","0.16%","4","2485","12","29712","7.25e-2","6.28e-1","3.99","1.00e+0","6.08e-1","1.40e-2"
"GOTERM_BP_DIRECT","negative regulation of fibroblast migration","0.16%","4","2485","12","29712","7.25e-2","6.28e-1","3.99","1.00e+0","6.08e-1","1.40e-2"
"GOTERM_BP_DIRECT","nuclear-transcribed mRNA catabolic process, deadenylation-dependent decay","0.16%","4","2485","12","29712","7.25e-2","6.28e-1","3.99","1.00e+0","6.08e-1","1.40e-2"
"GOTERM_BP_DIRECT","regulation of hemopoiesis","0.16%","4","2485","12","29712","7.25e-2","6.28e-1","3.99","1.00e+0","6.08e-1","1.40e-2"
"GOTERM_BP_DIRECT","regulation of viral entry into host cell","0.16%","4","2485","12","29712","7.25e-2","6.28e-1","3.99","1.00e+0","6.08e-1","1.40e-2"
"GOTERM_BP_DIRECT","nucleotide metabolic process","0.16%","4","2485","12","29712","7.25e-2","6.28e-1","3.99","1.00e+0","6.08e-1","1.40e-2"
"GOTERM_BP_DIRECT","regulation of vesicle-mediated transport","0.16%","4","2485","12","29712","7.25e-2","6.28e-1","3.99","1.00e+0","6.08e-1","1.40e-2"
"GOTERM_BP_DIRECT","porphyrin-containing compound biosynthetic process","0.16%","4","2485","12","29712","7.25e-2","6.28e-1","3.99","1.00e+0","6.08e-1","1.40e-2"
"INTERPRO","Caspase_his_AS","0.16%","4","2526","9","22271","7.24e-2","1.00e+0","3.92","1.00e+0","9.99e-1","1.30e-2"
"INTERPRO","GDA1_CD39_NTPase","0.16%","4","2526","9","22271","7.24e-2","1.00e+0","3.92","1.00e+0","9.99e-1","1.30e-2"
"INTERPRO","Sec1-like","0.16%","4","2526","9","22271","7.24e-2","1.00e+0","3.92","1.00e+0","9.99e-1","1.30e-2"
"INTERPRO","CC_SR_Kinase","0.16%","4","2526","9","22271","7.24e-2","1.00e+0","3.92","1.00e+0","9.99e-1","1.30e-2"
"INTERPRO","Sec1-like_sf","0.16%","4","2526","9","22271","7.24e-2","1.00e+0","3.92","1.00e+0","9.99e-1","1.30e-2"
"INTERPRO","Pept_C14","0.16%","4","2526","9","22271","7.24e-2","1.00e+0","3.92","1.00e+0","9.99e-1","1.30e-2"
"INTERPRO","Sec1-like_dom2","0.16%","4","2526","9","22271","7.24e-2","1.00e+0","3.92","1.00e+0","9.99e-1","1.30e-2"
"UP_SEQ_FEATURE","DOMAIN:Arrestin C-terminal-like","0.16%","4","2463","9","22253","6.82e-2","1.00e+0","4.02","1.00e+0","9.95e-1","1.19e-2"
"UP_SEQ_FEATURE","REPEAT:HAT 4","0.16%","4","2463","9","22253","6.82e-2","1.00e+0","4.02","1.00e+0","9.95e-1","1.19e-2"
"UP_SEQ_FEATURE","ACT_SITE:For GATase activity","0.16%","4","2463","9","22253","6.82e-2","1.00e+0","4.02","1.00e+0","9.95e-1","1.19e-2"
"UP_SEQ_FEATURE","REPEAT:PPR","0.16%","4","2463","9","22253","6.82e-2","1.00e+0","4.02","1.00e+0","9.95e-1","1.19e-2"
"UP_SEQ_FEATURE","REPEAT:HAT 5","0.16%","4","2463","9","22253","6.82e-2","1.00e+0","4.02","1.00e+0","9.95e-1","1.19e-2"
"GOTERM_MF_DIRECT","G-rich strand telomeric DNA binding","0.16%","4","2457","11","28924","6.02e-2","4.21e-1","4.28","1.00e+0","3.93e-1","1.05e-2"
"GOTERM_MF_DIRECT","NADH dehydrogenase activity","0.16%","4","2457","11","28924","6.02e-2","4.21e-1","4.28","1.00e+0","3.93e-1","1.05e-2"
"GOTERM_MF_DIRECT","acetyltransferase activator activity","0.16%","4","2457","11","28924","6.02e-2","4.21e-1","4.28","1.00e+0","3.93e-1","1.05e-2"
"GOTERM_MF_DIRECT","ribonuclease P RNA binding","0.16%","4","2457","11","28924","6.02e-2","4.21e-1","4.28","1.00e+0","3.93e-1","1.05e-2"
"GOTERM_MF_DIRECT","NAD+-histone H2BE18 glutamate ADP-ribosyltransferase activity","0.16%","4","2457","11","28924","6.02e-2","4.21e-1","4.28","1.00e+0","3.93e-1","1.05e-2"
"GOTERM_MF_DIRECT","translation factor activity, RNA binding","0.16%","4","2457","11","28924","6.02e-2","4.21e-1","4.28","1.00e+0","3.93e-1","1.05e-2"
"GOTERM_MF_DIRECT","ATP-dependent diacylglycerol kinase activity","0.16%","4","2457","11","28924","6.02e-2","4.21e-1","4.28","1.00e+0","3.93e-1","1.05e-2"
"GOTERM_MF_DIRECT","lysophosphatidic acid acyltransferase activity","0.16%","4","2457","11","28924","6.02e-2","4.21e-1","4.28","1.00e+0","3.93e-1","1.05e-2"
"GOTERM_MF_DIRECT","NAD+-protein-glutamate ADP-ribosyltransferase activity","0.16%","4","2457","11","28924","6.02e-2","4.21e-1","4.28","1.00e+0","3.93e-1","1.05e-2"
"GOTERM_MF_DIRECT","phosphorylation-dependent protein binding","0.16%","4","2457","11","28924","6.02e-2","4.21e-1","4.28","1.00e+0","3.93e-1","1.05e-2"
"GOTERM_MF_DIRECT","NAD+-histone H2BE2 glutamate ADP-ribosyltransferase activity","0.16%","4","2457","11","28924","6.02e-2","4.21e-1","4.28","1.00e+0","3.93e-1","1.05e-2"
"GOTERM_MF_DIRECT","NAD+-histone H2BE35 glutamate ADP-ribosyltransferase activity","0.16%","4","2457","11","28924","6.02e-2","4.21e-1","4.28","1.00e+0","3.93e-1","1.05e-2"
"GOTERM_CC_DIRECT","NSL complex","0.16%","4","2509","11","29722","5.92e-2","2.92e-1","4.31","1.00e+0","2.59e-1","1.03e-2"
"GOTERM_CC_DIRECT","multimeric ribonuclease P complex","0.16%","4","2509","11","29722","5.92e-2","2.92e-1","4.31","1.00e+0","2.59e-1","1.03e-2"
"GOTERM_CC_DIRECT","amphisome membrane","0.16%","4","2509","11","29722","5.92e-2","2.92e-1","4.31","1.00e+0","2.59e-1","1.03e-2"
"GOTERM_CC_DIRECT","guanyl-nucleotide exchange factor complex","0.16%","4","2509","11","29722","5.92e-2","2.92e-1","4.31","1.00e+0","2.59e-1","1.03e-2"
"GOTERM_CC_DIRECT","Gemini of Cajal bodies","0.16%","4","2509","11","29722","5.92e-2","2.92e-1","4.31","1.00e+0","2.59e-1","1.03e-2"
"GOTERM_CC_DIRECT","gamma-tubulin complex","0.16%","4","2509","11","29722","5.92e-2","2.92e-1","4.31","1.00e+0","2.59e-1","1.03e-2"
"GOTERM_CC_DIRECT","extracellular vesicle","0.16%","4","2509","11","29722","5.92e-2","2.92e-1","4.31","1.00e+0","2.59e-1","1.03e-2"
"GOTERM_CC_DIRECT","GATOR2 complex","0.16%","4","2509","11","29722","5.92e-2","2.92e-1","4.31","1.00e+0","2.59e-1","1.03e-2"
"GOTERM_CC_DIRECT","preribosome, small subunit precursor","0.16%","4","2509","11","29722","5.92e-2","2.92e-1","4.31","1.00e+0","2.59e-1","1.03e-2"
"BIOCARTA","Circadian Rhythms","0.16%","4","211","6","1286","5.86e-2","1.00e+0","4.06","1.00e+0","1.00e+0","8.06e-3"
"GOTERM_BP_DIRECT","mitotic DNA replication checkpoint signaling","0.16%","4","2485","11","29712","5.79e-2","5.60e-1","4.35","1.00e+0","5.42e-1","9.97e-3"
"GOTERM_BP_DIRECT","pseudouridine synthesis","0.16%","4","2485","11","29712","5.79e-2","5.60e-1","4.35","1.00e+0","5.42e-1","9.97e-3"
"GOTERM_BP_DIRECT","positive regulation of tumor necrosis factor-mediated signaling pathway","0.16%","4","2485","11","29712","5.79e-2","5.60e-1","4.35","1.00e+0","5.42e-1","9.97e-3"
"GOTERM_BP_DIRECT","T cell chemotaxis","0.16%","4","2485","11","29712","5.79e-2","5.60e-1","4.35","1.00e+0","5.42e-1","9.97e-3"
"GOTERM_BP_DIRECT","mitochondrial DNA replication","0.16%","4","2485","11","29712","5.79e-2","5.60e-1","4.35","1.00e+0","5.42e-1","9.97e-3"
"GOTERM_BP_DIRECT","head morphogenesis","0.16%","4","2485","11","29712","5.79e-2","5.60e-1","4.35","1.00e+0","5.42e-1","9.97e-3"
"GOTERM_BP_DIRECT","positive regulation of mitotic metaphase/anaphase transition","0.16%","4","2485","11","29712","5.79e-2","5.60e-1","4.35","1.00e+0","5.42e-1","9.97e-3"
"GOTERM_BP_DIRECT","protein deneddylation","0.16%","4","2485","11","29712","5.79e-2","5.60e-1","4.35","1.00e+0","5.42e-1","9.97e-3"
"GOTERM_BP_DIRECT","positive regulation of vasculogenesis","0.16%","4","2485","11","29712","5.79e-2","5.60e-1","4.35","1.00e+0","5.42e-1","9.97e-3"
"GOTERM_BP_DIRECT","regulation of cellular response to insulin stimulus","0.16%","4","2485","11","29712","5.79e-2","5.60e-1","4.35","1.00e+0","5.42e-1","9.97e-3"
"GOTERM_BP_DIRECT","vesicle fusion with vacuole","0.16%","4","2485","11","29712","5.79e-2","5.60e-1","4.35","1.00e+0","5.42e-1","9.97e-3"
"GOTERM_BP_DIRECT","protein insertion into ER membrane by stop-transfer membrane-anchor sequence","0.16%","4","2485","11","29712","5.79e-2","5.60e-1","4.35","1.00e+0","5.42e-1","9.97e-3"
"GOTERM_BP_DIRECT","negative regulation of heterotypic cell-cell adhesion","0.16%","4","2485","11","29712","5.79e-2","5.60e-1","4.35","1.00e+0","5.42e-1","9.97e-3"
"GOTERM_BP_DIRECT","late endosome to vacuole transport via multivesicular body sorting pathway","0.16%","4","2485","11","29712","5.79e-2","5.60e-1","4.35","1.00e+0","5.42e-1","9.97e-3"
"GOTERM_BP_DIRECT","positive regulation of gene expression via chromosomal CpG island demethylation","0.16%","4","2485","11","29712","5.79e-2","5.60e-1","4.35","1.00e+0","5.42e-1","9.97e-3"
"GOTERM_BP_DIRECT","cytoplasmic translational initiation","0.16%","4","2485","11","29712","5.79e-2","5.60e-1","4.35","1.00e+0","5.42e-1","9.97e-3"
"GOTERM_BP_DIRECT","positive regulation of hematopoietic stem cell proliferation","0.16%","4","2485","11","29712","5.79e-2","5.60e-1","4.35","1.00e+0","5.42e-1","9.97e-3"
"INTERPRO","CBFA_NFYB_domain","0.16%","4","2526","8","22271","5.26e-2","1.00e+0","4.41","1.00e+0","9.99e-1","7.93e-3"
"INTERPRO","Sec-1-like_dom1","0.16%","4","2526","8","22271","5.26e-2","1.00e+0","4.41","1.00e+0","9.99e-1","7.93e-3"
"INTERPRO","Cyclin/Ssn8","0.16%","4","2526","8","22271","5.26e-2","1.00e+0","4.41","1.00e+0","9.99e-1","7.93e-3"
"INTERPRO","Sugar_P_trans_dom","0.16%","4","2526","8","22271","5.26e-2","1.00e+0","4.41","1.00e+0","9.99e-1","7.93e-3"
"INTERPRO","Rad18_UBZ4","0.16%","4","2526","8","22271","5.26e-2","1.00e+0","4.41","1.00e+0","9.99e-1","7.93e-3"
"UP_SEQ_FEATURE","DOMAIN:Transcription factor CBF/NF-Y/archaeal histone","0.16%","4","2463","8","22253","4.94e-2","1.00e+0","4.52","1.00e+0","9.95e-1","7.26e-3"
"UP_SEQ_FEATURE","DOMAIN:WW 3","0.16%","4","2463","8","22253","4.94e-2","1.00e+0","4.52","1.00e+0","9.95e-1","7.26e-3"
"GOTERM_MF_DIRECT","TFIID-class transcription factor complex binding","0.16%","4","2457","10","28924","4.66e-2","3.67e-1","4.71","1.00e+0","3.42e-1","7.18e-3"
"GOTERM_MF_DIRECT","UDP phosphatase activity","0.16%","4","2457","10","28924","4.66e-2","3.67e-1","4.71","1.00e+0","3.42e-1","7.18e-3"
"GOTERM_MF_DIRECT","ATP transmembrane transporter activity","0.16%","4","2457","10","28924","4.66e-2","3.67e-1","4.71","1.00e+0","3.42e-1","7.18e-3"
"GOTERM_CC_DIRECT","proteasome regulatory particle","0.16%","4","2509","10","29722","4.59e-2","2.62e-1","4.74","1.00e+0","2.33e-1","7.02e-3"
"GOTERM_CC_DIRECT","cyclin/CDK positive transcription elongation factor complex","0.16%","4","2509","10","29722","4.59e-2","2.62e-1","4.74","1.00e+0","2.33e-1","7.02e-3"
"GOTERM_CC_DIRECT","ESCRT III complex","0.16%","4","2509","10","29722","4.59e-2","2.62e-1","4.74","1.00e+0","2.33e-1","7.02e-3"
"GOTERM_CC_DIRECT","vacuolar proton-transporting V-type ATPase, V0 domain","0.16%","4","2509","10","29722","4.59e-2","2.62e-1","4.74","1.00e+0","2.33e-1","7.02e-3"
"GOTERM_CC_DIRECT","transcription factor TFIIH core complex","0.16%","4","2509","10","29722","4.59e-2","2.62e-1","4.74","1.00e+0","2.33e-1","7.02e-3"
"GOTERM_CC_DIRECT","Golgi transport complex","0.16%","4","2509","10","29722","4.59e-2","2.62e-1","4.74","1.00e+0","2.33e-1","7.02e-3"
"GOTERM_BP_DIRECT","positive regulation of dopamine secretion","0.16%","4","2485","10","29712","4.48e-2","4.87e-1","4.78","1.00e+0","4.72e-1","6.79e-3"
"GOTERM_BP_DIRECT","snRNA transcription by RNA polymerase II","0.16%","4","2485","10","29712","4.48e-2","4.87e-1","4.78","1.00e+0","4.72e-1","6.79e-3"
"GOTERM_BP_DIRECT","serotonin metabolic process","0.16%","4","2485","10","29712","4.48e-2","4.87e-1","4.78","1.00e+0","4.72e-1","6.79e-3"
"GOTERM_BP_DIRECT","lipid phosphorylation","0.16%","4","2485","10","29712","4.48e-2","4.87e-1","4.78","1.00e+0","4.72e-1","6.79e-3"
"GOTERM_BP_DIRECT","Golgi to vacuole transport","0.16%","4","2485","10","29712","4.48e-2","4.87e-1","4.78","1.00e+0","4.72e-1","6.79e-3"
"GOTERM_BP_DIRECT","miRNA metabolic process","0.16%","4","2485","10","29712","4.48e-2","4.87e-1","4.78","1.00e+0","4.72e-1","6.79e-3"
"GOTERM_BP_DIRECT","cerebellar cortex development","0.16%","4","2485","10","29712","4.48e-2","4.87e-1","4.78","1.00e+0","4.72e-1","6.79e-3"
"GOTERM_BP_DIRECT","response to L-glutamate","0.16%","4","2485","10","29712","4.48e-2","4.87e-1","4.78","1.00e+0","4.72e-1","6.79e-3"
"GOTERM_BP_DIRECT","double-strand break repair via classical nonhomologous end joining","0.16%","4","2485","10","29712","4.48e-2","4.87e-1","4.78","1.00e+0","4.72e-1","6.79e-3"
"GOTERM_BP_DIRECT","carboxylic acid transmembrane transport","0.16%","4","2485","10","29712","4.48e-2","4.87e-1","4.78","1.00e+0","4.72e-1","6.79e-3"
"GOTERM_BP_DIRECT","ribosome assembly","0.16%","4","2485","10","29712","4.48e-2","4.87e-1","4.78","1.00e+0","4.72e-1","6.79e-3"
"GOTERM_BP_DIRECT","xenophagy","0.16%","4","2485","10","29712","4.48e-2","4.87e-1","4.78","1.00e+0","4.72e-1","6.79e-3"
"GOTERM_BP_DIRECT","retrograde transport, vesicle recycling within Golgi","0.16%","4","2485","10","29712","4.48e-2","4.87e-1","4.78","1.00e+0","4.72e-1","6.79e-3"
"GOTERM_BP_DIRECT","post-Golgi vesicle-mediated transport","0.16%","4","2485","10","29712","4.48e-2","4.87e-1","4.78","1.00e+0","4.72e-1","6.79e-3"
"GOTERM_BP_DIRECT","protoporphyrinogen IX biosynthetic process","0.16%","4","2485","10","29712","4.48e-2","4.87e-1","4.78","1.00e+0","4.72e-1","6.79e-3"
"GOTERM_BP_DIRECT","central nervous system myelin formation","0.16%","4","2485","10","29712","4.48e-2","4.87e-1","4.78","1.00e+0","4.72e-1","6.79e-3"
"GOTERM_BP_DIRECT","circadian behavior","0.16%","4","2485","10","29712","4.48e-2","4.87e-1","4.78","1.00e+0","4.72e-1","6.79e-3"
"INTERPRO","DNA_methylase_N6_adenine_CS","0.16%","4","2526","7","22271","3.58e-2","1.00e+0","5.04","1.00e+0","9.99e-1","4.35e-3"
"INTERPRO","Peptidase_M16_C","0.16%","4","2526","7","22271","3.58e-2","1.00e+0","5.04","1.00e+0","9.99e-1","4.35e-3"
"INTERPRO","Metalloenz_LuxS/M16","0.16%","4","2526","7","22271","3.58e-2","1.00e+0","5.04","1.00e+0","9.99e-1","4.35e-3"
"INTERPRO","Pept_M16_N","0.16%","4","2526","7","22271","3.58e-2","1.00e+0","5.04","1.00e+0","9.99e-1","4.35e-3"
"GOTERM_MF_DIRECT","small ribosomal subunit rRNA binding","0.16%","4","2457","9","28924","3.48e-2","2.98e-1","5.23","1.00e+0","2.78e-1","4.62e-3"
"GOTERM_MF_DIRECT","PH domain binding","0.16%","4","2457","9","28924","3.48e-2","2.98e-1","5.23","1.00e+0","2.78e-1","4.62e-3"
"GOTERM_CC_DIRECT","Golgi trans cisterna","0.16%","4","2509","9","29722","3.42e-2","2.18e-1","5.26","1.00e+0","1.93e-1","4.51e-3"
"GOTERM_CC_DIRECT","Atg1/ULK1 kinase complex","0.16%","4","2509","9","29722","3.42e-2","2.18e-1","5.26","1.00e+0","1.93e-1","4.51e-3"
"GOTERM_CC_DIRECT","90S preribosome","0.16%","4","2509","9","29722","3.42e-2","2.18e-1","5.26","1.00e+0","1.93e-1","4.51e-3"
"GOTERM_CC_DIRECT","MICOS complex","0.16%","4","2509","9","29722","3.42e-2","2.18e-1","5.26","1.00e+0","1.93e-1","4.51e-3"
"UP_SEQ_FEATURE","SITE:Histone H3K4me3 binding","0.16%","4","2463","7","22253","3.36e-2","1.00e+0","5.16","1.00e+0","9.95e-1","3.97e-3"
"UP_SEQ_FEATURE","REGION:VCP/p97-interacting motif (VIM)","0.16%","4","2463","7","22253","3.36e-2","1.00e+0","5.16","1.00e+0","9.95e-1","3.97e-3"
"UP_SEQ_FEATURE","REPEAT:HAT 6","0.16%","4","2463","7","22253","3.36e-2","1.00e+0","5.16","1.00e+0","9.95e-1","3.97e-3"
"GOTERM_BP_DIRECT","osmosensory signaling pathway","0.16%","4","2485","9","29712","3.34e-2","4.09e-1","5.31","1.00e+0","3.96e-1","4.36e-3"
"GOTERM_BP_DIRECT","voluntary musculoskeletal movement","0.16%","4","2485","9","29712","3.34e-2","4.09e-1","5.31","1.00e+0","3.96e-1","4.36e-3"
"GOTERM_BP_DIRECT","regulation of cell cycle G1/S phase transition","0.16%","4","2485","9","29712","3.34e-2","4.09e-1","5.31","1.00e+0","3.96e-1","4.36e-3"
"GOTERM_BP_DIRECT","regulation of membrane permeability","0.16%","4","2485","9","29712","3.34e-2","4.09e-1","5.31","1.00e+0","3.96e-1","4.36e-3"
"GOTERM_BP_DIRECT","regulation of mitochondrial translation","0.16%","4","2485","9","29712","3.34e-2","4.09e-1","5.31","1.00e+0","3.96e-1","4.36e-3"
"GOTERM_BP_DIRECT","inflammatory response to wounding","0.16%","4","2485","9","29712","3.34e-2","4.09e-1","5.31","1.00e+0","3.96e-1","4.36e-3"
"GOTERM_BP_DIRECT","regulation of hematopoietic stem cell differentiation","0.16%","4","2485","9","29712","3.34e-2","4.09e-1","5.31","1.00e+0","3.96e-1","4.36e-3"
"GOTERM_BP_DIRECT","transport across blood-brain barrier","0.16%","4","2485","9","29712","3.34e-2","4.09e-1","5.31","1.00e+0","3.96e-1","4.36e-3"
"GOTERM_BP_DIRECT","MyD88-dependent toll-like receptor signaling pathway","0.16%","4","2485","9","29712","3.34e-2","4.09e-1","5.31","1.00e+0","3.96e-1","4.36e-3"
"GOTERM_BP_DIRECT","monoubiquitinated protein deubiquitination","0.16%","4","2485","9","29712","3.34e-2","4.09e-1","5.31","1.00e+0","3.96e-1","4.36e-3"
"GOTERM_BP_DIRECT","heparan sulfate proteoglycan catabolic process","0.16%","4","2485","9","29712","3.34e-2","4.09e-1","5.31","1.00e+0","3.96e-1","4.36e-3"
"GOTERM_BP_DIRECT","nucleic acid metabolic process","0.16%","4","2485","9","29712","3.34e-2","4.09e-1","5.31","1.00e+0","3.96e-1","4.36e-3"
"GOTERM_MF_DIRECT","carboxylic acid transmembrane transporter activity","0.16%","4","2457","8","28924","2.47e-2","2.30e-1","5.89","1.00e+0","2.15e-1","2.75e-3"
"GOTERM_MF_DIRECT","cobalt ion binding","0.16%","4","2457","8","28924","2.47e-2","2.30e-1","5.89","1.00e+0","2.15e-1","2.75e-3"
"GOTERM_MF_DIRECT","phosphatidylinositol-3,5-bisphosphate 3-phosphatase activity","0.16%","4","2457","8","28924","2.47e-2","2.30e-1","5.89","1.00e+0","2.15e-1","2.75e-3"
"GOTERM_MF_DIRECT","arginine binding","0.16%","4","2457","8","28924","2.47e-2","2.30e-1","5.89","1.00e+0","2.15e-1","2.75e-3"
"SMART","B561","0.16%","4","1284","6","10943","2.45e-2","9.49e-1","5.68","1.00e+0","9.47e-1","2.33e-3"
"GOTERM_CC_DIRECT","shelterin complex","0.16%","4","2509","8","29722","2.43e-2","1.69e-1","5.92","1.00e+0","1.50e-1","2.69e-3"
"GOTERM_CC_DIRECT","MLL1/2 complex","0.16%","4","2509","8","29722","2.43e-2","1.69e-1","5.92","1.00e+0","1.50e-1","2.69e-3"
"GOTERM_CC_DIRECT","PTW/PP1 phosphatase complex","0.16%","4","2509","8","29722","2.43e-2","1.69e-1","5.92","1.00e+0","1.50e-1","2.69e-3"
"GOTERM_BP_DIRECT","RIG-I signaling pathway","0.16%","4","2485","8","29712","2.37e-2","3.40e-1","5.98","1.00e+0","3.29e-1","2.60e-3"
"GOTERM_BP_DIRECT","response to manganese ion","0.16%","4","2485","8","29712","2.37e-2","3.40e-1","5.98","1.00e+0","3.29e-1","2.60e-3"
"GOTERM_BP_DIRECT","negative regulation of hepatocyte apoptotic process","0.16%","4","2485","8","29712","2.37e-2","3.40e-1","5.98","1.00e+0","3.29e-1","2.60e-3"
"GOTERM_BP_DIRECT","establishment of vesicle localization","0.16%","4","2485","8","29712","2.37e-2","3.40e-1","5.98","1.00e+0","3.29e-1","2.60e-3"
"GOTERM_BP_DIRECT","inositol metabolic process","0.16%","4","2485","8","29712","2.37e-2","3.40e-1","5.98","1.00e+0","3.29e-1","2.60e-3"
"GOTERM_BP_DIRECT","positive regulation of developmental growth","0.16%","4","2485","8","29712","2.37e-2","3.40e-1","5.98","1.00e+0","3.29e-1","2.60e-3"
"GOTERM_BP_DIRECT","negative regulation of circadian rhythm","0.16%","4","2485","8","29712","2.37e-2","3.40e-1","5.98","1.00e+0","3.29e-1","2.60e-3"
"INTERPRO","Arrestin_domain-protein","0.16%","4","2526","6","22271","2.23e-2","1.00e+0","5.88","1.00e+0","9.99e-1","2.05e-3"
"INTERPRO","Sec-1-like_dom3a","0.16%","4","2526","6","22271","2.23e-2","1.00e+0","5.88","1.00e+0","9.99e-1","2.05e-3"
"INTERPRO","G_OBG","0.16%","4","2526","6","22271","2.23e-2","1.00e+0","5.88","1.00e+0","9.99e-1","2.05e-3"
"INTERPRO","Cyt_b561/ferric_Rdtase_TM","0.16%","4","2526","6","22271","2.23e-2","1.00e+0","5.88","1.00e+0","9.99e-1","2.05e-3"
"INTERPRO","BCKD/PDK","0.16%","4","2526","6","22271","2.23e-2","1.00e+0","5.88","1.00e+0","9.99e-1","2.05e-3"
"UP_SEQ_FEATURE","DOMAIN:OBG-type G","0.16%","4","2463","6","22253","2.09e-2","1.00e+0","6.02","1.00e+0","9.95e-1","1.87e-3"
"UP_SEQ_FEATURE","REPEAT:HAT 7","0.16%","4","2463","6","22253","2.09e-2","1.00e+0","6.02","1.00e+0","9.95e-1","1.87e-3"
"UP_SEQ_FEATURE","DOMAIN:Cytochrome b561","0.16%","4","2463","6","22253","2.09e-2","1.00e+0","6.02","1.00e+0","9.95e-1","1.87e-3"
"GOTERM_MF_DIRECT","basic amino acid transmembrane transporter activity","0.16%","4","2457","7","28924","1.65e-2","1.71e-1","6.73","1.00e+0","1.60e-1","1.47e-3"
"GOTERM_MF_DIRECT","protein-cysteine S-stearoyltransferase activity","0.16%","4","2457","7","28924","1.65e-2","1.71e-1","6.73","1.00e+0","1.60e-1","1.47e-3"
"GOTERM_CC_DIRECT","nuclear telomere cap complex","0.16%","4","2509","7","29722","1.62e-2","1.19e-1","6.77","1.00e+0","1.05e-1","1.44e-3"
"GOTERM_CC_DIRECT","TIM22 mitochondrial import inner membrane insertion complex","0.16%","4","2509","7","29722","1.62e-2","1.19e-1","6.77","1.00e+0","1.05e-1","1.44e-3"
"GOTERM_CC_DIRECT","cytosolic proteasome complex","0.16%","4","2509","7","29722","1.62e-2","1.19e-1","6.77","1.00e+0","1.05e-1","1.44e-3"
"GOTERM_BP_DIRECT","exocytic insertion of neurotransmitter receptor to postsynaptic membrane","0.16%","4","2485","7","29712","1.58e-2","2.55e-1","6.83","1.00e+0","2.47e-1","1.39e-3"
"GOTERM_BP_DIRECT","glycosaminoglycan metabolic process","0.16%","4","2485","7","29712","1.58e-2","2.55e-1","6.83","1.00e+0","2.47e-1","1.39e-3"
"GOTERM_BP_DIRECT","vacuolar proton-transporting V-type ATPase complex assembly","0.16%","4","2485","7","29712","1.58e-2","2.55e-1","6.83","1.00e+0","2.47e-1","1.39e-3"
"GOTERM_BP_DIRECT","protein histidyl modification to diphthamide","0.16%","4","2485","7","29712","1.58e-2","2.55e-1","6.83","1.00e+0","2.47e-1","1.39e-3"
"GOTERM_BP_DIRECT","positive regulation of RNA polymerase II transcription preinitiation complex assembly","0.16%","4","2485","7","29712","1.58e-2","2.55e-1","6.83","1.00e+0","2.47e-1","1.39e-3"
"GOTERM_BP_DIRECT","negative regulation of nuclear receptor-mediated glucocorticoid signaling pathway","0.16%","4","2485","7","29712","1.58e-2","2.55e-1","6.83","1.00e+0","2.47e-1","1.39e-3"
"GOTERM_BP_DIRECT","ribosome-associated ubiquitin-dependent protein catabolic process","0.16%","4","2485","7","29712","1.58e-2","2.55e-1","6.83","1.00e+0","2.47e-1","1.39e-3"
"GOTERM_BP_DIRECT","porphyrin-containing compound metabolic process","0.16%","4","2485","7","29712","1.58e-2","2.55e-1","6.83","1.00e+0","2.47e-1","1.39e-3"
"GOTERM_BP_DIRECT","negative regulation of telomere maintenance via telomere lengthening","0.16%","4","2485","7","29712","1.58e-2","2.55e-1","6.83","1.00e+0","2.47e-1","1.39e-3"
"GOTERM_BP_DIRECT","TRIF-dependent toll-like receptor signaling pathway","0.16%","4","2485","7","29712","1.58e-2","2.55e-1","6.83","1.00e+0","2.47e-1","1.39e-3"
"INTERPRO","His_kinase_dom","0.16%","4","2526","5","22271","1.22e-2","1.00e+0","7.05","1.00e+0","9.99e-1","7.51e-4"
"INTERPRO","AK/P_DHK_N_sf","0.16%","4","2526","5","22271","1.22e-2","1.00e+0","7.05","1.00e+0","9.99e-1","7.51e-4"
"INTERPRO","BCDHK/PDK_N","0.16%","4","2526","5","22271","1.22e-2","1.00e+0","7.05","1.00e+0","9.99e-1","7.51e-4"
"INTERPRO","ClpA/B","0.16%","4","2526","5","22271","1.22e-2","1.00e+0","7.05","1.00e+0","9.99e-1","7.51e-4"
"UP_SEQ_FEATURE","REPEAT:HAT 8","0.16%","4","2463","5","22253","1.14e-2","8.74e-1","7.23","1.00e+0","8.70e-1","6.83e-4"
"UP_SEQ_FEATURE","REPEAT:HAT 9","0.16%","4","2463","5","22253","1.14e-2","8.74e-1","7.23","1.00e+0","8.70e-1","6.83e-4"
"UP_SEQ_FEATURE","DOMAIN:Histidine kinase","0.16%","4","2463","5","22253","1.14e-2","8.74e-1","7.23","1.00e+0","8.70e-1","6.83e-4"
"GOTERM_MF_DIRECT","broad specificity oxidative DNA demethylase activity","0.16%","4","2457","6","28924","1.01e-2","1.15e-1","7.85","1.00e+0","1.08e-1","6.77e-4"
"GOTERM_MF_DIRECT","histone H2A deubiquitinase activity","0.16%","4","2457","6","28924","1.01e-2","1.15e-1","7.85","1.00e+0","1.08e-1","6.77e-4"
"GOTERM_CC_DIRECT","transcription factor AP-1 complex","0.16%","4","2509","6","29722","9.88e-3","8.38e-2","7.90","1.00e+0","7.43e-2","6.61e-4"
"GOTERM_CC_DIRECT","eukaryotic translation initiation factor 2 complex","0.16%","4","2509","6","29722","9.88e-3","8.38e-2","7.90","1.00e+0","7.43e-2","6.61e-4"
"GOTERM_BP_DIRECT","internal peptidyl-lysine acetylation","0.16%","4","2485","6","29712","9.62e-3","1.89e-1","7.97","1.00e+0","1.83e-1","6.38e-4"
"GOTERM_BP_DIRECT","protein ufmylation","0.16%","4","2485","6","29712","9.62e-3","1.89e-1","7.97","1.00e+0","1.83e-1","6.38e-4"
"GOTERM_BP_DIRECT","UDP-N-acetylglucosamine metabolic process","0.16%","4","2485","6","29712","9.62e-3","1.89e-1","7.97","1.00e+0","1.83e-1","6.38e-4"
"GOTERM_BP_DIRECT","diacylglycerol catabolic process","0.16%","4","2485","6","29712","9.62e-3","1.89e-1","7.97","1.00e+0","1.83e-1","6.38e-4"
"GOTERM_BP_DIRECT","regulation of ceramide biosynthetic process","0.16%","4","2485","6","29712","9.62e-3","1.89e-1","7.97","1.00e+0","1.83e-1","6.38e-4"
"GOTERM_BP_DIRECT","integrated stress response signaling","0.16%","4","2485","6","29712","9.62e-3","1.89e-1","7.97","1.00e+0","1.83e-1","6.38e-4"
"GOTERM_BP_DIRECT","U2-type prespliceosome assembly","0.16%","4","2485","6","29712","9.62e-3","1.89e-1","7.97","1.00e+0","1.83e-1","6.38e-4"
"GOTERM_BP_DIRECT","dolichol metabolic process","0.16%","4","2485","6","29712","9.62e-3","1.89e-1","7.97","1.00e+0","1.83e-1","6.38e-4"
"GOTERM_BP_DIRECT","regulation of acetyl-CoA biosynthetic process from pyruvate","0.16%","4","2485","6","29712","9.62e-3","1.89e-1","7.97","1.00e+0","1.83e-1","6.38e-4"
"GOTERM_BP_DIRECT","protein lipidation involved in autophagosome assembly","0.16%","4","2485","6","29712","9.62e-3","1.89e-1","7.97","1.00e+0","1.83e-1","6.38e-4"
"GOTERM_MF_DIRECT","CDP phosphatase activity","0.16%","4","2457","5","28924","5.36e-3","6.97e-2","9.42","1.00e+0","6.51e-2","2.42e-4"
"GOTERM_MF_DIRECT","insulin binding","0.16%","4","2457","5","28924","5.36e-3","6.97e-2","9.42","1.00e+0","6.51e-2","2.42e-4"
"GOTERM_MF_DIRECT","pyruvate dehydrogenase (acetyl-transferring) kinase activity","0.16%","4","2457","5","28924","5.36e-3","6.97e-2","9.42","1.00e+0","6.51e-2","2.42e-4"
"GOTERM_MF_DIRECT","POZ domain binding","0.16%","4","2457","5","28924","5.36e-3","6.97e-2","9.42","1.00e+0","6.51e-2","2.42e-4"
"INTERPRO","TOR1A_C","0.16%","4","2526","4","22271","5.33e-3","1.00e+0","8.82","1.00e+0","9.99e-1","1.65e-4"
"INTERPRO","D-isomer_DH_CS","0.16%","4","2526","4","22271","5.33e-3","1.00e+0","8.82","1.00e+0","9.99e-1","1.65e-4"
"INTERPRO","D-isomer_DH_NAD-bd","0.16%","4","2526","4","22271","5.33e-3","1.00e+0","8.82","1.00e+0","9.99e-1","1.65e-4"
"INTERPRO","D-isomer_2_OHA_DH_cat_dom","0.16%","4","2526","4","22271","5.33e-3","1.00e+0","8.82","1.00e+0","9.99e-1","1.65e-4"
"GOTERM_BP_DIRECT","vesicle tethering to Golgi","0.16%","4","2485","5","29712","5.13e-3","1.25e-1","9.57","1.00e+0","1.21e-1","2.28e-4"
"UP_SEQ_FEATURE","DOMAIN:D-isomer specific 2-hydroxyacid dehydrogenase NAD-binding","0.16%","4","2463","4","22253","4.96e-3","5.97e-1","9.03","1.00e+0","5.94e-1","1.50e-4"
"UP_SEQ_FEATURE","REGION:Interaction with CENPF","0.16%","4","2463","4","22253","4.96e-3","5.97e-1","9.03","1.00e+0","5.94e-1","1.50e-4"
"UP_SEQ_FEATURE","DOMAIN:D-isomer specific 2-hydroxyacid dehydrogenase catalytic","0.16%","4","2463","4","22253","4.96e-3","5.97e-1","9.03","1.00e+0","5.94e-1","1.50e-4"
"UP_KW_DOMAIN","Lipoyl","0.12%","3","1658","5","14896","9.84e-2","3.02e-1","5.39","9.60e-1","2.54e-1","1.16e-2"
"UP_SEQ_FEATURE","ZN_FING:C2HC MYST-type","0.12%","3","2463","5","22253","9.75e-2","1.00e+0","5.42","1.00e+0","9.95e-1","1.14e-2"
"UP_SEQ_FEATURE","DOMAIN:NHR","0.12%","3","2463","5","22253","9.75e-2","1.00e+0","5.42","1.00e+0","9.95e-1","1.14e-2"
"UP_SEQ_FEATURE","DOMAIN:EXPERA","0.12%","3","2463","5","22253","9.75e-2","1.00e+0","5.42","1.00e+0","9.95e-1","1.14e-2"
"UP_SEQ_FEATURE","ZN_FING:RanBP2-type 1","0.12%","3","2463","5","22253","9.75e-2","1.00e+0","5.42","1.00e+0","9.95e-1","1.14e-2"
"UP_SEQ_FEATURE","ZN_FING:RanBP2-type 2","0.12%","3","2463","5","22253","9.75e-2","1.00e+0","5.42","1.00e+0","9.95e-1","1.14e-2"
"UP_SEQ_FEATURE","DOMAIN:Peptidase M16 C-terminal","0.12%","3","2463","5","22253","9.75e-2","1.00e+0","5.42","1.00e+0","9.95e-1","1.14e-2"
"UP_SEQ_FEATURE","REPEAT:1-6","0.12%","3","2463","5","22253","9.75e-2","1.00e+0","5.42","1.00e+0","9.95e-1","1.14e-2"
"UP_SEQ_FEATURE","DOMAIN:MYST-type HAT","0.12%","3","2463","5","22253","9.75e-2","1.00e+0","5.42","1.00e+0","9.95e-1","1.14e-2"
"UP_SEQ_FEATURE","DOMAIN:Brix","0.12%","3","2463","5","22253","9.75e-2","1.00e+0","5.42","1.00e+0","9.95e-1","1.14e-2"
"GOTERM_MF_DIRECT","ferrous iron transmembrane transporter activity","0.12%","3","2457","6","28924","8.59e-2","5.34e-1","5.89","1.00e+0","4.99e-1","1.01e-2"
"GOTERM_MF_DIRECT","protein-cysteine S-myristoyltransferase activity","0.12%","3","2457","6","28924","8.59e-2","5.34e-1","5.89","1.00e+0","4.99e-1","1.01e-2"
"GOTERM_MF_DIRECT","pyruvate dehydrogenase (NAD+) activity","0.12%","3","2457","6","28924","8.59e-2","5.34e-1","5.89","1.00e+0","4.99e-1","1.01e-2"
"GOTERM_MF_DIRECT","L-serine transmembrane transporter activity","0.12%","3","2457","6","28924","8.59e-2","5.34e-1","5.89","1.00e+0","4.99e-1","1.01e-2"
"GOTERM_MF_DIRECT","porin activity","0.12%","3","2457","6","28924","8.59e-2","5.34e-1","5.89","1.00e+0","4.99e-1","1.01e-2"
"GOTERM_MF_DIRECT","RS domain binding","0.12%","3","2457","6","28924","8.59e-2","5.34e-1","5.89","1.00e+0","4.99e-1","1.01e-2"
"GOTERM_MF_DIRECT","lipopeptide binding","0.12%","3","2457","6","28924","8.59e-2","5.34e-1","5.89","1.00e+0","4.99e-1","1.01e-2"
"GOTERM_MF_DIRECT","cadmium ion binding","0.12%","3","2457","6","28924","8.59e-2","5.34e-1","5.89","1.00e+0","4.99e-1","1.01e-2"
"GOTERM_MF_DIRECT","steroid hormone binding","0.12%","3","2457","6","28924","8.59e-2","5.34e-1","5.89","1.00e+0","4.99e-1","1.01e-2"
"GOTERM_MF_DIRECT","RNA polymerase III type 3 promoter sequence-specific DNA binding","0.12%","3","2457","6","28924","8.59e-2","5.34e-1","5.89","1.00e+0","4.99e-1","1.01e-2"
"GOTERM_MF_DIRECT","oxidoreductase activity, acting on NAD(P)H","0.12%","3","2457","6","28924","8.59e-2","5.34e-1","5.89","1.00e+0","4.99e-1","1.01e-2"
"GOTERM_MF_DIRECT","inorganic cation transmembrane transporter activity","0.12%","3","2457","6","28924","8.59e-2","5.34e-1","5.89","1.00e+0","4.99e-1","1.01e-2"
"GOTERM_CC_DIRECT","nucleotide-excision repair complex","0.12%","3","2509","6","29722","8.49e-2","3.90e-1","5.92","1.00e+0","3.46e-1","9.89e-3"
"GOTERM_CC_DIRECT","NLRP1 inflammasome complex","0.12%","3","2509","6","29722","8.49e-2","3.90e-1","5.92","1.00e+0","3.46e-1","9.89e-3"
"GOTERM_CC_DIRECT","compact myelin","0.12%","3","2509","6","29722","8.49e-2","3.90e-1","5.92","1.00e+0","3.46e-1","9.89e-3"
"GOTERM_BP_DIRECT","regulation of macromolecule metabolic process","0.12%","3","2485","6","29712","8.36e-2","6.73e-1","5.98","1.00e+0","6.52e-1","9.63e-3"
"GOTERM_BP_DIRECT","cap-dependent translational initiation","0.12%","3","2485","6","29712","8.36e-2","6.73e-1","5.98","1.00e+0","6.52e-1","9.63e-3"
"GOTERM_BP_DIRECT","positive regulation of protein-containing complex disassembly","0.12%","3","2485","6","29712","8.36e-2","6.73e-1","5.98","1.00e+0","6.52e-1","9.63e-3"
"GOTERM_BP_DIRECT","negative regulation of macrophage apoptotic process","0.12%","3","2485","6","29712","8.36e-2","6.73e-1","5.98","1.00e+0","6.52e-1","9.63e-3"
"GOTERM_BP_DIRECT","regulation of protein catabolic process at postsynapse, modulating synaptic transmission","0.12%","3","2485","6","29712","8.36e-2","6.73e-1","5.98","1.00e+0","6.52e-1","9.63e-3"
"GOTERM_BP_DIRECT","positive regulation of necroptotic process","0.12%","3","2485","6","29712","8.36e-2","6.73e-1","5.98","1.00e+0","6.52e-1","9.63e-3"
"GOTERM_BP_DIRECT","regulation of response to osmotic stress","0.12%","3","2485","6","29712","8.36e-2","6.73e-1","5.98","1.00e+0","6.52e-1","9.63e-3"
"GOTERM_BP_DIRECT","RNA destabilization","0.12%","3","2485","6","29712","8.36e-2","6.73e-1","5.98","1.00e+0","6.52e-1","9.63e-3"
"GOTERM_BP_DIRECT","intracellular sphingolipid homeostasis","0.12%","3","2485","6","29712","8.36e-2","6.73e-1","5.98","1.00e+0","6.52e-1","9.63e-3"
"GOTERM_BP_DIRECT","cytosolic ciliogenesis","0.12%","3","2485","6","29712","8.36e-2","6.73e-1","5.98","1.00e+0","6.52e-1","9.63e-3"
"GOTERM_BP_DIRECT","establishment of blood-retinal barrier","0.12%","3","2485","6","29712","8.36e-2","6.73e-1","5.98","1.00e+0","6.52e-1","9.63e-3"
"GOTERM_BP_DIRECT","regulation of lysosome organization","0.12%","3","2485","6","29712","8.36e-2","6.73e-1","5.98","1.00e+0","6.52e-1","9.63e-3"
"GOTERM_BP_DIRECT","negative regulation of hematopoietic stem cell differentiation","0.12%","3","2485","6","29712","8.36e-2","6.73e-1","5.98","1.00e+0","6.52e-1","9.63e-3"
"GOTERM_BP_DIRECT","peptidyl-serine dephosphorylation","0.12%","3","2485","6","29712","8.36e-2","6.73e-1","5.98","1.00e+0","6.52e-1","9.63e-3"
"GOTERM_BP_DIRECT","positive regulation of peptidyl-lysine acetylation","0.12%","3","2485","6","29712","8.36e-2","6.73e-1","5.98","1.00e+0","6.52e-1","9.63e-3"
"GOTERM_BP_DIRECT","peptidyl-lysine acetylation","0.12%","3","2485","6","29712","8.36e-2","6.73e-1","5.98","1.00e+0","6.52e-1","9.63e-3"
"GOTERM_BP_DIRECT","protein deubiquitination involved in ubiquitin-dependent protein catabolic process","0.12%","3","2485","6","29712","8.36e-2","6.73e-1","5.98","1.00e+0","6.52e-1","9.63e-3"
"GOTERM_BP_DIRECT","protein deglycosylation","0.12%","3","2485","6","29712","8.36e-2","6.73e-1","5.98","1.00e+0","6.52e-1","9.63e-3"
"GOTERM_BP_DIRECT","response to glycoside","0.12%","3","2485","6","29712","8.36e-2","6.73e-1","5.98","1.00e+0","6.52e-1","9.63e-3"
"GOTERM_BP_DIRECT","positive regulation of transcription from RNA polymerase II promoter by glucose","0.12%","3","2485","6","29712","8.36e-2","6.73e-1","5.98","1.00e+0","6.52e-1","9.63e-3"
"GOTERM_BP_DIRECT","regulation of mitochondrial transcription","0.12%","3","2485","6","29712","8.36e-2","6.73e-1","5.98","1.00e+0","6.52e-1","9.63e-3"
"GOTERM_BP_DIRECT","L-serine transport","0.12%","3","2485","6","29712","8.36e-2","6.73e-1","5.98","1.00e+0","6.52e-1","9.63e-3"
"SMART","DUF4217","0.12%","3","1284","4","10943","7.01e-2","1.00e+0","6.39","1.00e+0","1.00e+0","5.88e-3"
"INTERPRO","HMGI/Y_DNA-bd_CS","0.12%","3","2526","4","22271","6.59e-2","1.00e+0","6.61","1.00e+0","9.99e-1","5.33e-3"
"INTERPRO","SPB4-like_CTE","0.12%","3","2526","4","22271","6.59e-2","1.00e+0","6.61","1.00e+0","9.99e-1","5.33e-3"
"INTERPRO","PPA2-like","0.12%","3","2526","4","22271","6.59e-2","1.00e+0","6.61","1.00e+0","9.99e-1","5.33e-3"
"INTERPRO","UBX_domain-protein","0.12%","3","2526","4","22271","6.59e-2","1.00e+0","6.61","1.00e+0","9.99e-1","5.33e-3"
"INTERPRO","tRNA_endonuc-like_dom_sf","0.12%","3","2526","4","22271","6.59e-2","1.00e+0","6.61","1.00e+0","9.99e-1","5.33e-3"
"UP_SEQ_FEATURE","ZN_FING:RanBP2-type 3","0.12%","3","2463","4","22253","6.30e-2","1.00e+0","6.78","1.00e+0","9.95e-1","4.97e-3"
"GOTERM_MF_DIRECT","beta-N-acetylglucosaminidase activity","0.12%","3","2457","5","28924","6.06e-2","4.21e-1","7.06","1.00e+0","3.93e-1","5.37e-3"
"GOTERM_MF_DIRECT","beta-N-acetylhexosaminidase activity","0.12%","3","2457","5","28924","6.06e-2","4.21e-1","7.06","1.00e+0","3.93e-1","5.37e-3"
"GOTERM_MF_DIRECT","U4 snRNA binding","0.12%","3","2457","5","28924","6.06e-2","4.21e-1","7.06","1.00e+0","3.93e-1","5.37e-3"
"GOTERM_MF_DIRECT","inositol hexakisphosphate 5-kinase activity","0.12%","3","2457","5","28924","6.06e-2","4.21e-1","7.06","1.00e+0","3.93e-1","5.37e-3"
"GOTERM_MF_DIRECT","ADP-ribose diphosphatase activity","0.12%","3","2457","5","28924","6.06e-2","4.21e-1","7.06","1.00e+0","3.93e-1","5.37e-3"
"GOTERM_MF_DIRECT","rRNA primary transcript binding","0.12%","3","2457","5","28924","6.06e-2","4.21e-1","7.06","1.00e+0","3.93e-1","5.37e-3"
"GOTERM_MF_DIRECT","endoplasmic reticulum signal peptide binding","0.12%","3","2457","5","28924","6.06e-2","4.21e-1","7.06","1.00e+0","3.93e-1","5.37e-3"
"GOTERM_MF_DIRECT","tRNA (cytidine-5-)-methyltransferase activity","0.12%","3","2457","5","28924","6.06e-2","4.21e-1","7.06","1.00e+0","3.93e-1","5.37e-3"
"GOTERM_CC_DIRECT","Lsm1-7-Pat1 complex","0.12%","3","2509","5","29722","5.99e-2","2.92e-1","7.11","1.00e+0","2.59e-1","5.27e-3"
"GOTERM_CC_DIRECT","X chromosome","0.12%","3","2509","5","29722","5.99e-2","2.92e-1","7.11","1.00e+0","2.59e-1","5.27e-3"
"GOTERM_CC_DIRECT","acetyltransferase complex","0.12%","3","2509","5","29722","5.99e-2","2.92e-1","7.11","1.00e+0","2.59e-1","5.27e-3"
"GOTERM_CC_DIRECT","EARP complex","0.12%","3","2509","5","29722","5.99e-2","2.92e-1","7.11","1.00e+0","2.59e-1","5.27e-3"
"GOTERM_CC_DIRECT","R2TP complex","0.12%","3","2509","5","29722","5.99e-2","2.92e-1","7.11","1.00e+0","2.59e-1","5.27e-3"
"GOTERM_CC_DIRECT","supraspliceosomal complex","0.12%","3","2509","5","29722","5.99e-2","2.92e-1","7.11","1.00e+0","2.59e-1","5.27e-3"
"GOTERM_CC_DIRECT","vesicle tethering complex","0.12%","3","2509","5","29722","5.99e-2","2.92e-1","7.11","1.00e+0","2.59e-1","5.27e-3"
"GOTERM_CC_DIRECT","mitochondrial intermembrane space protein transporter complex","0.12%","3","2509","5","29722","5.99e-2","2.92e-1","7.11","1.00e+0","2.59e-1","5.27e-3"
"GOTERM_BP_DIRECT","regulation of intrinsic apoptotic signaling pathway","0.12%","3","2485","5","29712","5.89e-2","5.60e-1","7.17","1.00e+0","5.42e-1","5.14e-3"
"GOTERM_BP_DIRECT","negative regulation of dendritic cell differentiation","0.12%","3","2485","5","29712","5.89e-2","5.60e-1","7.17","1.00e+0","5.42e-1","5.14e-3"
"GOTERM_BP_DIRECT","mitotic centrosome separation","0.12%","3","2485","5","29712","5.89e-2","5.60e-1","7.17","1.00e+0","5.42e-1","5.14e-3"
"GOTERM_BP_DIRECT","regulation of membrane lipid metabolic process","0.12%","3","2485","5","29712","5.89e-2","5.60e-1","7.17","1.00e+0","5.42e-1","5.14e-3"
"GOTERM_BP_DIRECT","negative regulation of adenylate cyclase-activating adrenergic receptor signaling pathway","0.12%","3","2485","5","29712","5.89e-2","5.60e-1","7.17","1.00e+0","5.42e-1","5.14e-3"
"GOTERM_BP_DIRECT","insulin receptor recycling","0.12%","3","2485","5","29712","5.89e-2","5.60e-1","7.17","1.00e+0","5.42e-1","5.14e-3"
"GOTERM_BP_DIRECT","protein K69-linked ufmylation","0.12%","3","2485","5","29712","5.89e-2","5.60e-1","7.17","1.00e+0","5.42e-1","5.14e-3"
"GOTERM_BP_DIRECT","positive regulation of synaptic vesicle recycling","0.12%","3","2485","5","29712","5.89e-2","5.60e-1","7.17","1.00e+0","5.42e-1","5.14e-3"
"GOTERM_BP_DIRECT","L-methionine salvage from methylthioadenosine","0.12%","3","2485","5","29712","5.89e-2","5.60e-1","7.17","1.00e+0","5.42e-1","5.14e-3"
"GOTERM_BP_DIRECT","copper ion transmembrane transport","0.12%","3","2485","5","29712","5.89e-2","5.60e-1","7.17","1.00e+0","5.42e-1","5.14e-3"
"GOTERM_BP_DIRECT","positive regulation of cGAS/STING signaling pathway","0.12%","3","2485","5","29712","5.89e-2","5.60e-1","7.17","1.00e+0","5.42e-1","5.14e-3"
"GOTERM_BP_DIRECT","positive regulation of amide metabolic process","0.12%","3","2485","5","29712","5.89e-2","5.60e-1","7.17","1.00e+0","5.42e-1","5.14e-3"
"GOTERM_BP_DIRECT","regulation of protein lipidation","0.12%","3","2485","5","29712","5.89e-2","5.60e-1","7.17","1.00e+0","5.42e-1","5.14e-3"
"GOTERM_BP_DIRECT","axon ensheathment","0.12%","3","2485","5","29712","5.89e-2","5.60e-1","7.17","1.00e+0","5.42e-1","5.14e-3"
"GOTERM_BP_DIRECT","regulation of modification of synaptic structure","0.12%","3","2485","5","29712","5.89e-2","5.60e-1","7.17","1.00e+0","5.42e-1","5.14e-3"
"GOTERM_BP_DIRECT","regulation of dendritic cell cytokine production","0.12%","3","2485","5","29712","5.89e-2","5.60e-1","7.17","1.00e+0","5.42e-1","5.14e-3"
"GOTERM_BP_DIRECT","negative regulation of telomere maintenance","0.12%","3","2485","5","29712","5.89e-2","5.60e-1","7.17","1.00e+0","5.42e-1","5.14e-3"
"PIR_SUPERFAMILY","Torsin_2A","0.12%","3","276","3","2024","5.02e-2","1.00e+0","7.33","1.00e+0","1.00e+0","2.51e-3"
"GOTERM_MF_DIRECT","inositol hexakisphosphate 1-kinase activity","0.12%","3","2457","4","28924","3.85e-2","3.14e-1","8.83","1.00e+0","2.93e-1","2.29e-3"
"GOTERM_MF_DIRECT","IDP phosphatase activity","0.12%","3","2457","4","28924","3.85e-2","3.14e-1","8.83","1.00e+0","2.93e-1","2.29e-3"
"GOTERM_MF_DIRECT","alpha-glucosidase activity","0.12%","3","2457","4","28924","3.85e-2","3.14e-1","8.83","1.00e+0","2.93e-1","2.29e-3"
"GOTERM_MF_DIRECT","UDP-N-acetylglucosamine transmembrane transporter activity","0.12%","3","2457","4","28924","3.85e-2","3.14e-1","8.83","1.00e+0","2.93e-1","2.29e-3"
"GOTERM_MF_DIRECT","transmembrane ascorbate ferrireductase activity","0.12%","3","2457","4","28924","3.85e-2","3.14e-1","8.83","1.00e+0","2.93e-1","2.29e-3"
"GOTERM_CC_DIRECT","ATF4-CREB1 transcription factor complex","0.12%","3","2509","4","29722","3.81e-2","2.35e-1","8.88","1.00e+0","2.08e-1","2.25e-3"
"GOTERM_CC_DIRECT","perisynaptic space","0.12%","3","2509","4","29722","3.81e-2","2.35e-1","8.88","1.00e+0","2.08e-1","2.25e-3"
"GOTERM_CC_DIRECT","internode region of axon","0.12%","3","2509","4","29722","3.81e-2","2.35e-1","8.88","1.00e+0","2.08e-1","2.25e-3"
"GOTERM_CC_DIRECT","storage vacuole","0.12%","3","2509","4","29722","3.81e-2","2.35e-1","8.88","1.00e+0","2.08e-1","2.25e-3"
"GOTERM_CC_DIRECT","histone locus body","0.12%","3","2509","4","29722","3.81e-2","2.35e-1","8.88","1.00e+0","2.08e-1","2.25e-3"
"SMART","PLP","0.12%","3","1284","3","10943","3.80e-2","1.00e+0","8.52","1.00e+0","1.00e+0","1.61e-3"
"GOTERM_BP_DIRECT","constitutive heterochromatin formation","0.12%","3","2485","4","29712","3.74e-2","4.43e-1","8.97","1.00e+0","4.29e-1","2.19e-3"
"GOTERM_BP_DIRECT","negative regulation of miRNA processing","0.12%","3","2485","4","29712","3.74e-2","4.43e-1","8.97","1.00e+0","4.29e-1","2.19e-3"
"GOTERM_BP_DIRECT","RNA repair","0.12%","3","2485","4","29712","3.74e-2","4.43e-1","8.97","1.00e+0","4.29e-1","2.19e-3"
"GOTERM_BP_DIRECT","positive regulation of connective tissue replacement","0.12%","3","2485","4","29712","3.74e-2","4.43e-1","8.97","1.00e+0","4.29e-1","2.19e-3"
"GOTERM_BP_DIRECT","circadian temperature homeostasis","0.12%","3","2485","4","29712","3.74e-2","4.43e-1","8.97","1.00e+0","4.29e-1","2.19e-3"
"GOTERM_BP_DIRECT","UDP-N-acetylglucosamine transmembrane transport","0.12%","3","2485","4","29712","3.74e-2","4.43e-1","8.97","1.00e+0","4.29e-1","2.19e-3"
"GOTERM_BP_DIRECT","phosphatidylinositol catabolic process","0.12%","3","2485","4","29712","3.74e-2","4.43e-1","8.97","1.00e+0","4.29e-1","2.19e-3"
"GOTERM_BP_DIRECT","negative regulation of defense response to virus by host","0.12%","3","2485","4","29712","3.74e-2","4.43e-1","8.97","1.00e+0","4.29e-1","2.19e-3"
"GOTERM_BP_DIRECT","cellular response to actinomycin D","0.12%","3","2485","4","29712","3.74e-2","4.43e-1","8.97","1.00e+0","4.29e-1","2.19e-3"
"INTERPRO","HisRS-like_core","0.12%","3","2526","3","22271","3.56e-2","1.00e+0","8.82","1.00e+0","9.99e-1","1.46e-3"
"INTERPRO","Myelin_PLP_CS","0.12%","3","2526","3","22271","3.56e-2","1.00e+0","8.82","1.00e+0","9.99e-1","1.46e-3"
"INTERPRO","Myelin_PLP","0.12%","3","2526","3","22271","3.56e-2","1.00e+0","8.82","1.00e+0","9.99e-1","1.46e-3"
"INTERPRO","Torsin_1/2","0.12%","3","2526","3","22271","3.56e-2","1.00e+0","8.82","1.00e+0","9.99e-1","1.46e-3"
"INTERPRO","Pop5/Rpp14/Rnp2-like","0.12%","3","2526","3","22271","3.56e-2","1.00e+0","8.82","1.00e+0","9.99e-1","1.46e-3"
"INTERPRO","Rnp2-like_sf","0.12%","3","2526","3","22271","3.56e-2","1.00e+0","8.82","1.00e+0","9.99e-1","1.46e-3"
"INTERPRO","D-isomer_DH_CS1","0.12%","3","2526","3","22271","3.56e-2","1.00e+0","8.82","1.00e+0","9.99e-1","1.46e-3"
"UP_SEQ_FEATURE","DOMAIN:Glycoside hydrolase family 31 TIM barrel","0.12%","3","2463","3","22253","3.40e-2","1.00e+0","9.03","1.00e+0","9.95e-1","1.35e-3"
"UP_SEQ_FEATURE","REGION:Interaction with USP7","0.12%","3","2463","3","22253","3.40e-2","1.00e+0","9.03","1.00e+0","9.95e-1","1.35e-3"
"GOTERM_MF_DIRECT","P-type potassium transmembrane transporter activity","0.12%","3","2457","3","28924","2.04e-2","1.98e-1","11.77","1.00e+0","1.84e-1","6.12e-4"
"GOTERM_MF_DIRECT","tRNA demethylase activity","0.12%","3","2457","3","28924","2.04e-2","1.98e-1","11.77","1.00e+0","1.84e-1","6.12e-4"
"GOTERM_MF_DIRECT","sphingomyelin phosphodiesterase activator activity","0.12%","3","2457","3","28924","2.04e-2","1.98e-1","11.77","1.00e+0","1.84e-1","6.12e-4"
"GOTERM_MF_DIRECT","cobalt ion transmembrane transporter activity","0.12%","3","2457","3","28924","2.04e-2","1.98e-1","11.77","1.00e+0","1.84e-1","6.12e-4"
"GOTERM_BP_DIRECT","oxidative RNA demethylation","0.12%","3","2485","3","29712","1.98e-2","2.97e-1","11.96","1.00e+0","2.88e-1","5.84e-4"
"GOTERM_BP_DIRECT","regulation of type B pancreatic cell development","0.12%","3","2485","3","29712","1.98e-2","2.97e-1","11.96","1.00e+0","2.88e-1","5.84e-4"
"GOTERM_BP_DIRECT","regulation of respiratory system process","0.12%","3","2485","3","29712","1.98e-2","2.97e-1","11.96","1.00e+0","2.88e-1","5.84e-4"

